Uniprot_id,Gene(s),SystematicGeneName
A5Z2X5,YPR010C-A,YPR010C-A
D6VTK4,STE2,YFL026W
E9PAD8,E9PAD8,NotFound
O13297,CET1,YPL228W
O13329,FOB1,YDR110W
O13516,RPS9A,YPL081W
O13523,YDR401W,YDR401W
O13539,THP2,YHR167W
O13545,YLR374C,YLR374C
O13547,CCW14,YLR390W-A
O13563,RPN13,YLR421C
O13577,DIF1,YLR437C
O13585,YPR089W,YPR089W
O13587,YPR096C,YPR096C
O14455,RPL36B,YPL249C-A
O14467,MBF1,YOR298C-A
O14468,YOR304C-A,YOR304C-A
O43137,YBR085C-A,YBR085C-A
O74700,TIM9,YEL020W-A
O75012,MRP10,YDL045W-A
O94084,OPI9,YLR338W
O94742,SEM1,YDR363W-A
P00044,CYC1,YJR048W
P00045,CYC7,YEL039C
P00330,ADH1,YOL086C
P00331,ADH2,YMR303C
P00358,TDH2,YJR009C
P00359,TDH3,YGR192C
P00360,TDH1,YJL052W
P00410,COX2,Q0250
P00425,COX5B,YIL111W
P00427,COX6,YHR051W
P00431,CCP1,YKR066C
P00445,SOD1,YJR104C
P00447,SOD2,YHR008C
P00498,HIS1,YER055C
P00546,CDC28,YBR160W
P00549,CDC19,YAL038W
P00560,PGK1,YCR012W
P00572,CDC8,YJR057W
P00812,CAR1,YPL111W
P00815,HIS4,YCL030C
P00817,IPP1,YBR011C
P00830,ATP2,YJR121W
P00890,CIT1,YNR001C
P00899,TRP2,YER090W
P00912,TRP1,YDR007W
P00924,ENO1,YGR254W
P00925,ENO2,YHR174W
P00927,ILV1,YER086W
P00931,TRP5,YGL026C
P00937,TRP3,YKL211C
P00942,TPI1,YDR050C
P00950,GPM1,YKL152C
P00958,MES1,YGR264C
P01094,PAI3,YMR174C
P01095,PBI2,NotFound
P01097,INH1,YDL181W
P01098,STF1,YDL130W-A
P01119,RAS1,YOR101W
P01120,RAS2,YNL098C
P01123,YPT1,YFL038C
P02294,HTB2,YBL002W
P02309,HHF1,YNL030W
P02400,RPP2B,YDR382W
P02406,RPL28,YGL103W
P02557,TUB2,YFL037W
P02829,HSP82,YPL240C
P02992,TUF1,YOR187W
P02994,TEF1,YBR118W
P03069,GCN4,YEL009C
P03871,REP1,R0020C
P03872,REP2,R0040C
P03874,CBP2,YHL038C
P03965,CPA2,YJR109C
P04037,COX4,YGL187C
P04046,ADE4,YMR300C
P04050,RPO21,YDL140C
P04051,RPO31,YOR116C
P04147,PAB1,YER165W
P04173,LEU2,YCL018W
P04385,GAL1,YBR020W
P04386,GAL4,YPL248C
P04387,GAL80,YML051W
P04449,RPL24A,YGL031C
P04456,RPL25,YOL127W
P04650,RPL39,YJL189W
P04786,TOP1,YOL006C
P04801,THS1,YIL078W
P04802,DPS1,YLL018C
P04806,HXK1,YFR053C
P04807,HXK2,YGL253W
P04817,CAN1,YEL063C
P04819,CDC9,YDL164C
P04821,CDC25,YLR310C
P04840,POR1,YNL055C
P04911,HTA1,YDR225W
P04912,HTA2,YBL003C
P05030,PMA1,YGL008C
P05085,ARG81,YML099C
P05150,ARG3,YJL088W
P05316,FUR4,YBR021W
P05317,RPP0,YLR340W
P05318,RPP1A,YDL081C
P05319,RPP2A,YOL039W
P05373,HEM2,YGL040C
P05374,CHO2,YGR157W
P05453,SUP35,YDR172W
P05626,ATP4,YPL078C
P05694,MET6,YER091C
P05737,RPL7A,YGL076C
P05738,RPL9A,YGL147C
P05739,RPL6B,YLR448W
P05743,RPL26A,YLR344W
P05744,RPL33A,YPL143W
P05745,RPL36A,YMR194W
P05747,RPL29,YFR032C-A
P05749,RPL22A,YLR061W
P05750,RPS3,YNL178W
P05755,RPS9B,YBR189W
P05756,RPS13,YDR064W
P05759,RPS31,YLR167W
P05986,TPK3,YKL166C
P06101,CDC37,YDR168W
P06102,NOT3,YIL038C
P06103,PRT1,YOR361C
P06104,RAD6,YGL058W
P06105,SCP160,YJL080C
P06106,MET17,YLR303W
P06115,CTT1,YGR088W
P06168,ILV5,YLR355C
P06169,PDC1,YLR044C
P06182,CYC3,YAL039C
P06208,LEU4,YNL104C
P06242,KIN28,YDL108W
P06243,CDC7,YDL017W
P06244,TPK1,YJL164C
P06245,TPK2,YPL203W
P06367,RPS14A,YCR031C
P06633,HIS3,YOR202W
P06634,DED1,YOR204W
P06700,SIR2,YDL042C
P06701,SIR3,YLR442C
P06704,CDC31,YOR257W
P06738,GPH1,YPR160W
P06773,DCD1,YHR144C
P06774,HAP2,YGL237C
P06775,HIP1,YGR191W
P06776,PDE2,YOR360C
P06777,RAD1,YPL022W
P06778,RAD52,YML032C
P06779,RAD7,YJR052W
P06780,RHO1,YPR165W
P06781,RHO2,YNL090W
P06782,SNF1,YDR477W
P06783,STE3,YKL178C
P06784,STE7,YDL159W
P06785,CDC21,YOR074C
P06786,TOP2,YNL088W
P06787,CMD1,YBR109C
P06838,RAD10,YML095C
P06839,RAD3,YER171W
P06843,SPT2,YER161C
P06844,SPT3,YDR392W
P07149,FAS1,YKL182W
P07170,ADK1,YDR226W
P07172,HIS5,YIL116W
P07213,TOM70,YNL121C
P07244,"ADE5,7",YGL234W
P07245,ADE3,YGR204W
P07246,ADH3,YMR083W
P07248,ADR1,YDR216W
P07249,ARG80,YMR042W
P07250,ARG82,YDR173C
P07251,ATP1,YBL099W
P07253,CBP6,YBR120C
P07256,COR1,YBL045C
P07257,QCR2,YPR191W
P07258,CPA1,YOR303W
P07259,URA2,YJL130C
P07260,CDC33,YOL139C
P07261,GCR1,YPL075W
P07262,GDH1,YOR375C
P07263,HTS1,YPR033C
P07264,LEU1,YGL009C
P07266,MRS1,YIR021W
P07269,PHO2,YDL106C
P07270,PHO4,YFR034C
P07271,PIF1,YML061C
P07272,PPR1,YLR014C
P07273,DST1,YGL043W
P07274,PFY1,YOR122C
P07275,PUT2,YHR037W
P07276,RAD2,YGR258C
P07277,ERG12,YMR208W
P07278,BCY1,YIL033C
P07280,RPS19A,YOL121C
P07281,RPS19B,YNL302C
P07283,SEC53,YFL045C
P07284,SES1,YDR023W
P07342,ILV2,YMR108W
P07347,ARD1,YHR013C
P07390,PET494,YNR045W
P07560,SEC4,YFL005W
P07702,LYS2,YBR115C
P07703,RPC40,YPR110C
P07806,VAS1,YGR094W
P07834,CDC4,YFL009W
P07866,LTE1,YAL024C
P07991,CAR2,YLR438W
P08004,CHS1,YNL192W
P08018,PBS2,YJL128C
P08019,SGA1,YIL099W
P08153,SWI5,YDR146C
P08417,FUM1,YPL262W
P08432,SPE1,YKL184W
P08456,CHO1,YER026C
P08465,MET2,YNL277W
P08468,PET111,YMR257C
P08518,RPB2,YOR151C
P08524,ERG20,YJL167W
P08536,MET3,YJR010W
P08539,GPA1,YHR005C
P08566,ARO1,YDR127W
P08638,LEU3,YLR451W
P08678,CYR1,YJL005W
P08679,CIT2,YCR005C
P08964,MYO1,YHR023W
P09032,GCD1,YOR260W
P09064,SUI3,YPL237W
P09119,CDC6,YJL194W
P09201,FBP1,YLR377C
P09232,PRB1,YEL060C
P09368,PUT1,YLR142W
P09435,SSA3,YBL075C
P09436,ILS1,YBL076C
P09440,MIS1,YBR084W
P09457,ATP5,YDR298C
P09547,SWI1,YPL016W
P09620,KEX1,YGL203C
P09624,LPD1,YFL018C
P09733,TUB1,YML085C
P09734,TUB3,YML124C
P09798,CDC16,YKL022C
P09880,TRL1,YJL087C
P09937,SPS4,YOR313C
P09938,RNR2,YJL026W
P09950,HEM1,YDR232W
P09959,SWI6,YLR182W
P0C0T4,RPS25B,YLR333C
P0C0X0,RPS28B,YLR264W
P0C2I7,TY1B-LR4,YLR256W-B/YLR256W-C
P0C2J1,TY1B-PR3,YPR158C-D
P0C2J2,TY2A-GR1,YGR038C-E
P0C2J3,TY2B-LR1,YLR410W-B
P0C5N0,YFR010W-A,YFR010W-A
P0C5N4,YHR073C-B,YHR073C-B
P0C5R2,YOR072W-A,YOR072W-A
P0C5S1,YPR160W-A,YPR160W-A
P0CD91,AQY1,YPR192W
P0CE41,HAP1,YLR256W
P0CH09,RPL40B,YKR094C
P0CS90,SSC1,YJR045C
P0CX08,DSF1,YEL070W
P0CX24,RPL20B,YOR312C
P0CX25,RPL43A,YPR043W
P0CX30,RPS23B,YPR132W
P0CX32,RPS24B,YIL069C
P0CX34,RPS30B,YOR182C
P0CX36,RPS4B,YHR203C
P0CX37,RPS6A,YPL090C
P0CX39,RPS8A,YBL072C
P0CX42,RPL23B,YER117W
P0CX43,RPL1A,YPL220W
P0CX46,RPL2B,YIL018W
P0CX48,RPS11B,YBR048W
P0CX49,RPL18A,YOL120C
P0CX51,RPS16A,YMR143W
P0CX53,RPL12A,YEL054C
P0CX56,RPS18B,YML026C
P0CX82,RPL19A,YBR084C-A
P0CX84,RPL35A,YDL191W
P10080,SBP1,YHL034C
P10081,TIF1,YJL138C
P10356,YER152C,YER152C
P10363,PRI1,YIR008C
P10507,MAS1,YLR163C
P10591,SSA1,YAL005C
P10592,SSA2,YLL024C
P10614,ERG11,YHR007C
P10622,RPP1B,YDL130W
P10659,SAM1,YLR180W
P10662,MRP1,YDR347W
P10663,MRP2,YPR166C
P10664,RPL4A,YBR031W
P10823,GPA2,YER020W
P10862,RAD18,YCR066W
P10869,HOM3,YER052C
P10870,SNF3,YDL194W
P10961,HSF1,YGL073W
P10962,MAK16,YAL025C
P10963,PCK1,YKR097W
P10964,RPA190,YOR341W
P11075,SEC7,YDR170C
P11076,ARF1,YDL192W
P11154,PYC1,YGL062W
P11325,NAM2,YLR382C
P11412,ZWF1,YNL241C
P11433,CDC24,YAL041W
P11484,SSB1,YDL229W
P11491,PHO8,YDR481C
P11632,NHP6A,YPR052C
P11633,NHP6B,YBR089C-A
P11655,SEC12,YNR026C
P11709,BIK1,YCL029C
P11710,FUS1,YCL027W
P11745,RNA1,YMR235C
P11746,MCM1,YMR043W
P11747,TAF13,YML098W
P11792,SCH9,YHR205W
P11914,MAS2,YHR024C
P11927,KAR1,YNL188W
P11938,RAP1,YNL216W
P11972,SST2,YLR452C
P11978,SIR4,YDR227W
P11986,INO1,YJL153C
P12383,PDR1,YGL013C
P12385,SUP45,YBR143C
P12611,WHI2,YOR043W
P12612,TCP1,YDR212W
P12683,HMG1,YML075C
P12684,HMG2,YLR450W
P12685,TRK1,YJL129C
P12687,MRP7,YNL005C
P12688,YPK1,YKL126W
P12689,REV1,YOR346W
P12695,LAT1,YNL071W
P12709,PGI1,YBR196C
P12753,RAD50,YNL250W
P12754,GCD2,YGR083C
P12866,STE6,YKL209C
P12868,PEP5,YMR231W
P12945,NAT1,YDL040C
P12954,SRS2,YJL092W
P12962,CAF20,YOR276W
P13045,GAL3,YDR009W
P13090,ATR1,YML116W
P13134,KEX2,YNL238W
P13185,KIN1,YDR122W
P13186,KIN2,YLR096W
P13188,GLN4,YOR168W
P13259,PCT1,YGR202C
P13298,URA5,YML106W
P13382,POL1,YNL102W
P13393,SPT15,YER148W
P13434,HAP3,YBL021C
P13483,DAT1,YML113W
P13517,CAP2,YIL034C
P13574,STE12,YHR084W
P13586,PMR1,YGL167C
P13587,ENA1,YDR040C
P13663,HOM2,YDR158W
P13711,POX1,YGL205W
P13712,MSI1,YBR195C
P13856,RSR1,YGR152C
P13902,INO4,YOL108C
P14020,DPM1,YPR183W
P14064,HAP4,YKL109W
P14065,GCY1,YOR120W
P14066,CBS1,YDL069C
P14120,RPL30,YGL030W
P14126,RPL3,YOR063W
P14164,ABF1,YKL112W
P14180,CHS2,YBR038W
P14242,PMS1,YNL082W
P14284,REV3,YPL167C
P14306,TFS1,YLR178C
P14540,FBA1,YKL060C
P14680,YAK1,YJL141C
P14681,KSS1,YGR040W
P14682,CDC34,YDR054C
P14693,SAM35,YHR083W
P14724,CDC26,YFR036W
P14736,RAD4,YER162C
P14737,RAD9,YDR217C
P14741,GCN3,YKR026C
P14742,GFA1,YKL104C
P14743,NMT1,YLR195C
P14747,CMP2,YML057W
P14772,BPT1,YLL015W
P14832,CPR1,YDR155C
P14843,ARO3,YDR035W
P14904,LAP4,YKL103C
P14906,SEC63,YOR254C
P14907,NSP1,YJL041W
P14922,CYC8,YBR112C
P15019,TAL1,YLR354C
P15108,HSC82,YMR186W
P15179,MSD1,YPL104W
P15180,KRS1,YDR037W
P15202,CTA1,YDR256C
P15274,AMD1,YML035C
P15303,SEC23,YPR181C
P15315,CUP2,YGL166W
P15380,PUT4,YOR348C
P15424,MSS116,YDR194C
P15436,POL3,YDL102W
P15442,GCN2,YDR283C
P15454,GUK1,YDR454C
P15496,IDI1,YPL117C
P15565,TRM1,YDR120C
P15624,FRS1,YLR060W
P15625,FRS2,YFL022C
P15646,NOP1,YDL014W
P15700,URA6,YKL024C
P15703,BGL2,YGR282C
P15705,STI1,YOR027W
P15731,UBC4,YBR082C
P15873,POL30,YBR088C
P15891,ABP1,YCR088W
P15938,PRP16,YKR086W
P15992,HSP26,YBR072W
P16120,THR4,YCR053W
P16140,VMA2,YBR127C
P16370,RPB3,YIL021W
P16387,PDA1,YER178W
P16451,PDX1,YGR193C
P16467,PDC5,YLR134W
P16474,KAR2,YJL034W
P16521,YEF3,YLR249W
P16522,CDC23,YHR166C
P16547,OM45,YIL136W
P16550,APA1,YCL050C
P16603,NCP1,YHR042W
P16622,HEM15,YOR176W
P16639,ATE1,YGL017W
P16649,TUP1,YCR084C
P16658,SEN2,YLR105C
P16664,RGP1,YDR137W
P16861,PFK1,YGR240C
P16862,PFK2,YMR205C
P16892,FUS3,YBL016W
P16965,STF2,YGR008C
P17064,FCY2,YER056C
P17065,SEC2,YNL272C
P17076,RPL8A,YHL033C
P17106,CBF1,YJR060W
P17119,KAR3,YPR141C
P17121,SAC7,YDR389W
P17123,SPO12,YHR152W
P17157,PHO85,YPL031C
P17214,EST1,YLR233C
P17255,VMA1,YDL185W
P17260,KRE1,YNL322C
P17423,THR1,YHR025W
P17442,PHO81,YGR233C
P17505,MDH1,YKL085W
P17536,TPM1,YNL079C
P17555,SRV2,YNL138W
P17558,PET123,YOR158W
P17629,HPR1,YDR138W
P17649,UGA1,YGR019W
P17695,GRX2,YDR513W
P17709,GLK1,YCL040W
P17883,SKI3,YPR189W
P17890,RPC31,YNL151C
P17891,CLC1,YGR167W
P17967,PDI1,YCL043C
P18238,AAC3,YBR085W
P18239,PET9,YBL030C
P18408,MET16,YPR167C
P18410,SPO7,YAL009W
P18412,TEC1,YBR083W
P18480,SNF5,YBR289W
P18494,GLN3,YER040W
P18544,ARG8,YOL140W
P18634,ART10,YLR392C
P18759,SEC18,YBR080C
P18851,STE4,YOR212W
P18852,STE18,YJR086W
P18888,SNF6,YHL025W
P18899,DDR48,YMR173W
P18961,YPK2,YMR104C
P18963,IRA1,YBR140C
P19073,CDC42,YLR229C
P19097,FAS2,YPL231W
P19145,GAP1,YKR039W
P19158,IRA2,YOL081W
P19211,ANB1,YJR047C
P19262,KGD2,YDR148C
P19263,RGR1,YLR071C
P19358,SAM2,YDR502C
P19414,ACO1,YLR304C
P19454,CKA2,YOR061W
P19524,MYO2,YOR326W
P19541,RDS2,YPL133C
P19659,GAL11,YOL051W
P19735,PRP6,YBR055C
P19736,PRP9,YDL030W
P19807,HNM1,YGL077C
P19812,UBR1,YGR184C
P19880,YAP1,YML007W
P19881,PHO13,YDL236W
P19882,HSP60,YLR259C
P20048,SEC59,YMR013C
P20049,TYR1,YBR166C
P20051,URA4,YLR420W
P20052,PHO80,YOL001W
P20053,PRP4,YPR178W
P20081,FPR1,YNL135C
P20084,MRPL33,YMR286W
P20095,PRP2,YNR011C
P20107,ZRC1,YMR243C
P20133,BET2,YPR176C
P20134,SFL1,YOR140W
P20424,SRP54,YPR088C
P20433,RPB4,YJL140W
P20434,RPB5,YBR154C
P20435,RPO26,YPR187W
P20436,RPB8,YOR224C
P20437,CLN1,YMR199W
P20438,CLN2,YPL256C
P20448,HCA4,YJL033W
P20449,DBP5,YOR046C
P20457,PRI2,YKL045W
P20459,SUI2,YJR007W
P20484,MAK11,YKL021C
P20485,CKI1,YLR133W
P20604,SIT4,YDL047W
P20606,SAR1,YPL218W
P20676,NUP1,YOR098C
P20795,VPS33,YLR396C
P20967,KGD1,YIL125W
P21147,OLE1,YGL055W
P21182,SPE2,YOL052C
P21192,ACE2,YLR131C
P21242,PRE10,YOR362C
P21243,SCL1,YGL011C
P21264,ADE2,YOR128C
P21268,FAR1,YJL157C
P21269,CCA1,YER168C
P21304,PWP1,YLR196W
P21339,MSB1,YOR188W
P21372,PRP5,YBR237W
P21373,UTR1,YJR049C
P21374,ISY1,YJR050W
P21375,OSM1,YJR051W
P21524,RNR1,YER070W
P21538,REB1,YBR049C
P21560,CBP3,YPL215W
P21576,VPS1,YKR001C
P21651,REC107,YJR021C
P21657,DAL81,YIR023W
P21672,RNR3,YIL066C
P21705,DAL82,YNL314W
P21734,UBC1,YDR177W
P21826,DAL7,YIR031C
P21827,SRM1,YGL097W
P21951,POL2,YNL262W
P21954,IDP1,YDL066W
P21957,OPI1,YHL020C
P21965,MCK1,YNL307C
P22007,RAM1,YDL090C
P22035,BAS1,YKR099W
P22082,SNF2,YOR290C
P22133,MDH2,YOL126C
P22134,MAG1,YER142C
P22135,ATP12,YJL180C
P22137,CHC1,YGL206C
P22138,RPA135,YPR010C
P22139,RPB10,YOR210W
P22141,PRE1,YER012W
P22147,XRN1,YGL173C
P22148,MSN1,YOL116W
P22149,AFT1,YGL071W
P22202,SSA4,YER103W
P22203,VMA4,YOR332W
P22204,DBF2,YGR092W
P22211,NPR1,YNL183C
P22213,SLY1,YDR189W
P22214,SEC22,YLR268W
P22215,SLY41,YOR307C
P22216,RAD53,YPL153C
P22217,TRX1,YLR043C
P22219,VPS15,YBR097W
P22224,SEC15,YGL233W
P22276,RET1,YOR207C
P22336,RFA1,YAR007C
P22353,MRPL8,YJL063C
P22354,MRPL20,YKR085C
P22434,PDE1,YGL248W
P22470,SAN1,YDR143C
P22515,UBA1,YKL210W
P22516,CHL1,YPL008W
P22517,CMK2,YOL016C
P22543,VPS34,YLR240W
P22579,SIN3,YOL004W
P22696,ESS1,YJR017C
P22768,ARG1,YOL058W
P22803,TRX2,YGR209C
P22804,BET1,YIL004C
P22855,AMS1,YGL156W
P22936,APN1,YKL114C
P22943,HSP12,YFL014W
P23180,AIM17,YHL021C
P23201,SPA2,YLL021W
P23202,URE2,YNL229C
P23248,RPS1B,YML063W
P23250,RPI1,YIL119C
P23254,TKL1,YPR074C
P23255,TAF2,YCR042C
P23287,CNA1,YLR433C
P23291,YCK1,YHR135C
P23292,YCK2,YNL154C
P23293,SGV1,YPR161C
P23301,HYP2,YEL034W
P23337,GSY1,YFR015C
P23369,MRPL25,YGR076C
P23394,PRP28,YDR243C
P23493,MBR1,YKL093W
P23503,NAR1,YNL240C
P23542,AAT2,YLR027C
P23561,STE11,YLR362W
P23585,HXT2,YMR011W
P23594,PPH21,YDL134C
P23595,PPH22,YDL188C
P23615,SPT6,YGR116W
P23638,PRE9,YGR135W
P23639,PRE8,YML092C
P23641,MIR1,YJR077C
P23642,VAN1,YML115C
P23643,VPS3,YDR495C
P23724,PRE7,YBL041W
P23748,MIH1,YMR036C
P23776,EXG1,YLR300W
P23796,RIT1,YMR283C
P23833,SCO1,YBR037C
P23900,FPS1,YLL043W
P24000,RPL24B,YGR148C
P24004,PEX1,YKL197C
P24276,SSD1,YDR293C
P24279,MCM3,YEL032W
P24280,SEC14,YMR079W
P24309,DBR1,YKL149C
P24384,PRP22,YER013W
P24482,DPB2,YPR175W
P24521,ERG8,YMR220W
P24583,PKC1,YBL105C
P24719,MEK1,YOR351C
P24720,MNE1,YOR350C
P24783,DBP2,YNL112W
P24784,DBP1,YPL119C
P24813,CAD1,YDR423C
P24814,GRR1,YJR090C
P24867,PCL1,YNL289W
P24868,CLB1,YGR108W
P24869,CLB2,YPR119W
P24870,CLB3,YDL155W
P25036,YSP3,YOR003W
P25037,UBP1,YDL122W
P25039,MEF1,YLR069C
P25040,TSR4,YOL022C
P25042,ROX1,YPR065W
P25043,PUP1,YOR157C
P25044,PTP1,YDL230W
P25045,LCB1,YMR296C
P25046,ROX3,YBL093C
P25087,ERG6,YML008C
P25293,NAP1,YKR048C
P25294,SIS1,YNL007C
P25296,CNB1,YKL190W
P25297,PHO84,YML123C
P25298,RNA14,YMR061W
P25299,RNA15,YGL044C
P25300,BUD5,YCR038C
P25301,RAD57,YDR004W
P25302,SWI4,YER111C
P25333,SAT4,YCR008W
P25335,DAL2,YIR029W
P25336,MSH3,YCR092C
P25337,BUD31,YCR063W
P25339,PUF4,YGL014W
P25340,ERG4,YGL012W
P25341,KIN82,YCR091W
P25342,CDC10,YCR002C
P25343,RVS161,YCR009C
P25344,STE50,YCL032W
P25346,GIT1,YCR098C
P25349,YCP4,YCR004C
P25351,YCR023C,YCR023C
P25354,YCR007C,YCR007C
P25355,CTR86,YCR054C
P25356,BPH1,YCR032W
P25357,SNT1,YCR033W
P25358,FEN1,YCR034W
P25359,RRP43,YCR035C
P25360,PHO87,YCR037C
P25361,YCR043C,YCR043C
P25364,HCM1,YCR065W
P25366,OCA4,YCR095C
P25367,RNQ1,YCL028W
P25368,RRP7,YCL031C
P25369,LSB5,YCL034W
P25370,GFD2,YCL036W
P25371,ADP1,YCR011C
P25373,GRX1,YCL035C
P25374,NFS1,YCL017C
P25375,PRD1,YCL057W
P25376,AGP1,YCL025C
P25378,RHB1,YCR027C
P25382,RSA4,YCR072C
P25384,TY2B-C,YCL019W
P25385,BOS1,YLR078C
P25386,USO1,YDL058W
P25389,KCC4,YCL024W
P25390,SSK22,YCR073C
P25441,RPC53,YDL150W
P25443,RPS2,YGL123W
P25451,PUP3,YER094C
P25453,DMC1,YER179W
P25454,RAD51,YER095W
P25491,YDJ1,YNL064C
P25502,PUT3,YKL015W
P25554,SGF29,YCL010C
P25555,GBP2,YCL011C
P25558,BUD3,YCL014W
P25559,DCC1,YCL016C
P25560,RER1,YCL001W
P25566,MXR2,YCL033C
P25567,SRO9,YCL037C
P25568,ATG22,YCL038C
P25569,GID7,YCL039W
P25573,MGR1,YCL044C
P25575,YCL046W,YCL046W
P25576,POF1,YCL047C
P25579,LRE1,YCL051W
P25582,SPB1,YCL054W
P25583,KAR4,YCL055W
P25586,KRR1,YCL059C
P25587,LDB16,YCL005W
P25588,MRC1,YCL061C
P25591,VAC17,YCL063W
P25604,STP22,YCL008C
P25605,ILV6,YCL009C
P25611,RDS1,YCR106W
P25616,YCR015C,YCR015C
P25617,YCR016W,YCR016W
P25618,CWH43,YCR017C
P25619,HSP30,YCR021C
P25623,SYP1,YCR030C
P25626,IMG1,YCR046C
P25627,BUD23,YCR047C
P25628,ARE1,YCR048W
P25631,YCR051W,YCR051W
P25632,RSC6,YCR052W
P25635,PWP2,YCR057C
P25637,YIH1,YCR059C
P25638,TAH1,YCR060W
P25639,YCR061W,YCR061W
P25644,PAT1,YCR077C
P25648,SRB8,YCR081W
P25651,CSM1,YCR086W
P25654,YCR090C,YCR090C
P25655,CDC39,YCR093W
P25659,YCR076C,YCR076C
P25693,PCL2,YDL127W
P25694,CDC48,YDL126C
P25719,CPR3,YML078W
P25808,SPB4,YFL002C
P25846,MSH1,YHR120W
P25847,MSH2,YOL090W
P26263,PDC6,YGR087C
P26309,CDC20,YGL116W
P26321,RPL5,YPL131W
P26370,UGA3,YDL170W
P26570,PPZ1,YML016C
P26637,CDC60,YPL160W
P26754,RFA2,YNL312W
P26755,RFA3,YJL173C
P26783,RPS5,YJR123W
P26784,RPL16A,YIL133C
P26785,RPL16B,YNL069C
P26786,RPS7A,YOR096W
P26793,RAD27,YKL113C
P27344,DPB3,YBR278W
P27351,APL1,YJR005W
P27466,CMK1,YFR014C
P27472,GSY2,YLR258W
P27476,NSR1,YGR159C
P27514,PHO91,YNR013C
P27515,URK1,YNR012W
P27614,CPS1,YJL172W
P27616,ADE1,YAR015W
P27636,CDC15,YAR019C
P27637,BUD14,YAR014C
P27692,SPT5,YML010W
P27697,COQ8,YGL119W
P27705,MIG1,YGL035C
P27801,PEP3,YLR148W
P27825,CNE1,YAL058W
P27895,CIN8,YEL061C
P27999,RPB9,YGL070C
P28000,RPC19,YNL113W
P28003,FUN19,YAL034C
P28004,PRP45,YAL032C
P28006,GAC1,YOR178C
P28007,GAR1,YHR089C
P28239,PPA2,YMR267W
P28241,IDH2,YOR136W
P28263,UBC8,YEL012W
P28272,URA1,YKL216W
P28273,OXP1,YKL215C
P28274,URA7,YBL039C
P28319,CWP1,YKL096W
P28321,YJU3,YKL094W
P28495,CAP1,YKL007W
P28496,LAC1,YKL008C
P28519,RAD14,YMR201C
P28584,TRK2,YKR050W
P28625,YIM1,YMR152W
P28707,SBA1,YKL117W
P28708,PRR1,YKL116C
P28737,MSP1,YGR028W
P28742,KIP1,YBL063W
P28743,KIP2,YPL155C
P28777,ARO2,YGL148W
P28789,HEM3,YDL205C
P28795,PEX3,YDR329C
P28834,IDH1,YNL037C
P29055,SUA7,YPR086W
P29056,BRF1,YGR246C
P29295,HRR25,YPL204W
P29311,BMH1,YER177W
P29366,BEM1,YBR200W
P29453,RPL8B,YLL045C
P29461,PTP2,YOR208W
P29465,CHS3,YBR023C
P29467,MEI4,YER044C-A
P29468,PAP1,YKR002W
P29469,MCM2,YBL023C
P29478,SEC65,YML105C
P29496,MCM5,YLR274W
P29509,TRR1,YDR353W
P29539,RIF1,YBR275C
P29547,CAM1,YPL048W
P29952,PMI40,YER003C
P30283,CLB5,YPR120C
P30605,ITR1,YDR497C
P30606,ITR2,YOL103W
P30619,SEC1,YDR164C
P30620,PSO2,YMR137C
P30624,FAA1,YOR317W
P30656,PRE2,YPR103W
P30657,PRE4,YFR050C
P30665,MCM4,YPR019W
P30771,NAM7,YMR080C
P30777,GPI10,YGL142C
P30822,CRM1,YGR218W
P30902,ATP7,YKL016C
P30952,MLS1,YNL117W
P31109,SNC1,YAL030W
P31111,ZIP1,YDR285W
P31115,DEG1,YFL001W
P31116,HOM6,YJR139C
P31244,RAD16,YBR114W
P31334,MRPL9,YGR220C
P31373,CYS3,YAL012W
P31374,PSK1,YAL017W
P31376,SWC3,YAL011W
P31377,SYN8,YAL014C
P31378,NTG1,YAL015C
P31380,FUN30,YAL019W
P31381,FUN26,YAL022C
P31382,PMT2,YAL023C
P31384,CCR4,YAL021C
P31385,DEP1,YAL013W
P31412,VMA5,YKL080W
P31539,HSP104,YLL026W
P31688,TPS2,YDR074W
P31787,ACB1,YGR037C
P32047,MLF3,YNL074C
P32074,SEC21,YNL287W
P32178,ARO7,YPR060C
P32179,MET22,YOL064C
P32190,GUT1,YHL032C
P32191,GUT2,YIL155C
P32259,SIN4,YNL236W
P32263,PRO3,YER023W
P32264,PRO1,YDR300C
P32266,MGM1,YOR211C
P32288,GLN1,YPR035W
P32316,ACH1,YBL015W
P32317,AFG1,YEL052W
P32319,PEP1,YBL017C
P32324,EFT1,YDR385W
P32325,DBF4,YDR052C
P32327,PYC2,YBR218C
P32328,DBF20,YPR111W
P32330,DGR2,YKL121W
P32333,MOT1,YPL082C
P32334,MSB2,YGR014W
P32335,MSS51,YLR203C
P32336,NUD1,YOR373W
P32337,PSE1,YMR308C
P32338,RME1,YGR044C
P32340,NDI1,YML120C
P32341,VPH2,YKL119C
P32342,SRP21,YKL122C
P32343,SSH4,YKL124W
P32349,RPC82,YPR190C
P32350,KNS1,YLL019C
P32351,IMP2',YIL154C
P32354,MCM10,YIL150C
P32356,NTH1,YDR001C
P32357,AAR2,YBL074C
P32361,IRE1,YHR079C
P32363,SPT14,YPL175W
P32364,SMY1,YKL079W
P32367,TFC1,YBR123C
P32368,SAC1,YKL212W
P32377,MVD1,YNR043W
P32378,COQ2,YNR041C
P32379,PUP2,YGR253C
P32380,SPC110,YDR356W
P32381,ARP2,YDL029W
P32386,YBT1,YLL048C
P32389,MET4,YNL103W
P32419,MDH3,YDL078C
P32432,SFP1,YLR403W
P32445,RIM1,YCR028C-A
P32447,ASF1,YJL115W
P32448,ASF2,YDL197C
P32449,ARO4,YBR249C
P32453,ATP11,YNL315C
P32454,APE2,YKL157W
P32457,CDC3,YLR314C
P32458,CDC11,YJR076C
P32461,DPH2,YKL191W
P32463,ACP1,YKL192C
P32464,HYM1,YKL189W
P32465,HXT1,YHR094C
P32466,HXT3,YDR345C
P32468,CDC12,YHR107C
P32469,DPH5,YLR172C
P32471,EFB1,YAL003W
P32473,PDB1,YBR221C
P32476,ERG1,YGR175C
P32477,GSH1,YJL101C
P32479,HIR1,YBL008W
P32480,HIR2,YOR038C
P32481,GCD11,YER025W
P32485,HOG1,YLR113W
P32486,KRE6,YPR159W
P32487,LYP1,YNL268W
P32488,ISF1,YMR081C
P32490,MKK1,YOR231W
P32491,MKK2,YPL140C
P32492,MYO4,YAL029C
P32494,NGG1,YDR176W
P32495,NHP2,YDL208W
P32496,RPN12,YFR052W
P32497,NIP1,YMR309C
P32499,NUP2,YLR335W
P32500,NDC1,YML031W
P32501,GCD6,YDR211W
P32502,GCD7,YLR291C
P32504,CBF2,YGR140W
P32505,NAB2,YGL122C
P32521,PAN1,YIR006C
P32522,PET309,YLR067C
P32523,PRP19,YLL036C
P32524,PRP21,YJL203W
P32525,ECM25,YJL201W
P32526,KAR9,YPL269W
P32527,ZUO1,YGR285C
P32528,"DUR1,2",YBR208C
P32529,RPA12,YJR063W
P32558,SPT16,YGL207W
P32561,RPD3,YNL330C
P32562,CDC5,YMR001C
P32563,VPH1,YOR270C
P32565,RPN2,YIL075C
P32566,SMI1,YGR229C
P32567,PAH1,YMR165C
P32568,SNQ2,YDR011W
P32569,SRB4,YER022W
P32571,DOA4,YDR069C
P32578,SIP1,YDR422C
P32580,SUV3,YPL029W
P32582,CYS4,YGR155W
P32583,SRP40,YKR092C
P32585,SRB5,YGR104C
P32589,SSE1,YPL106C
P32590,SSE2,YBR169C
P32591,SWI3,YJL176C
P32597,STH1,YIL126W
P32598,GLC7,YER133W
P32599,SAC6,YDR129C
P32600,TOR2,YKL203C
P32602,SEC17,YBL050W
P32604,FBP26,YJL155C
P32607,RTG1,YOL067C
P32608,RTG2,YGL252C
P32610,VMA8,YEL051W
P32614,YEL047C,YEL047C
P32617,IES6,YEL044W
P32618,YEL043W,YEL043W
P32622,YEF1,YEL041W
P32623,UTR2,YEL040W
P32626,UTR4,YEL038W
P32628,RAD23,YEL037C
P32634,PMD1,YER132C
P32639,BRR2,YER172C
P32641,RAD24,YER173W
P32642,GRX4,YER174C
P32643,TMT1,YER175C
P32644,ECM32,YER176W
P32657,CHD1,YER164W
P32660,DNF1,YER166W
P32769,HBS1,YKR084C
P32770,NRP1,YDL167C
P32771,SFA1,YDL168W
P32772,UGX2,YDL169C
P32773,TOA1,YOR194C
P32774,TOA2,YKL058W
P32775,GLC3,YEL011W
P32776,TFB1,YDR311W
P32783,ABD1,YBR236C
P32784,SCT1,YBL011W
P32785,FMT1,YBL013W
P32786,RRN6,YBL014C
P32787,MGM101,YJR144W
P32788,YBL010C,YBL010C
P32789,ALK2,YBL009W
P32790,SLA1,YBL007C
P32791,FRE1,YLR214W
P32792,YSC83,YHR017W
P32793,YSC84,YHR016C
P32794,AFG2,YLR397C
P32795,YME1,YPR024W
P32797,CDC13,YDL220C
P32798,COT1,YOR316C
P32800,PEX2,YJL210W
P32801,ELM1,YKL048C
P32804,ZRT1,YGL255W
P32805,FZF1,YGL254W
P32806,GYP6,YJL044C
P32807,YKU70,YMR284W
P32828,SLX5,YDL013W
P32829,MRE11,YMR224C
P32831,NGR1,YBR212W
P32832,NPL6,YMR091C
P32833,ORC2,YBR060C
P32835,GSP1,YLR293C
P32836,GSP2,YOR185C
P32838,PPG1,YNR032W
P32844,SEC6,YIL068C
P32849,RAD5,YLR032W
P32854,PEP12,YOR036W
P32855,SEC8,YPR055W
P32857,PTM1,YKL039W
P32860,NFU1,YKL040C
P32861,UGP1,YKL035W
P32862,RGT1,YKL038W
P32863,RAD54,YGL163C
P32864,MRS6,YOR370C
P32867,SSO1,YPL232W
P32873,BEM3,YPL115C
P32874,HFA1,YMR207C
P32892,DRS1,YLL008W
P32893,TRS65,YGR166W
P32895,PRS1,YKL181W
P32896,PDC2,YDR081C
P32898,CYM1,YDR430C
P32900,SKG6,YHR149C
P32901,PTR2,YKR093W
P32904,MRPL6,YHR147C
P32905,RPS0A,YGR214W
P32907,ATO2,YNR002C
P32908,SMC1,YFL008W
P32909,SMY2,YBR172C
P32911,SUI1,YNL244C
P32912,VAM7,YGL212W
P32913,VPS17,YOR132W
P32914,SPT4,YGR063C
P32915,SEC61,YLR378C
P32916,SRP101,YDR292C
P32917,STE5,YDR103W
P32939,YPT7,YML001W
P32943,CLB6,YGR109C
P32944,SWE1,YJL187C
P32945,PPQ1,YPL179W
P33122,TYE7,YOR344C
P33200,PDR3,YBL005W
P33201,MRT4,YKL009W
P33202,UFD4,YKL010C
P33203,PRP40,YKL012W
P33204,ARC19,YKL013C
P33296,UBC6,YER100W
P33297,RPT5,YOR117W
P33298,RPT3,YDR394W
P33299,RPT1,YKL145W
P33300,SUR1,YPL057C
P33301,XRS2,YDR369C
P33302,PDR5,YOR153W
P33304,AFR1,YDR085C
P33306,BCK2,YER167W
P33307,CSE1,YGL238W
P33308,CSE2,YNR010W
P33313,CNS1,YBR155W
P33314,BUD2,YKL092C
P33317,DUT1,YBR252W
P33322,CBF5,YLR175W
P33323,REC104,YHR157W
P33324,YKL091C,YKL091C
P33327,GDH2,YDL215C
P33328,SNC2,YOR327C
P33329,PPZ2,YDR436W
P33330,SER1,YOR184W
P33331,NTF2,YER009W
P33332,SEC3,YER008C
P33333,SLC1,YDL052C
P33334,PRP8,YHR165C
P33336,SKN1,YGR143W
P33338,SLA2,YNL243W
P33339,TFC4,YGR047C
P33399,LHP1,YDL051W
P33400,RIM101,YHL027W
P33401,PGM1,YKL127W
P33411,PRP18,YGR006W
P33412,ECT1,YGR007W
P33416,HSP78,YDR258C
P33417,IXR1,YKL032C
P33418,LOS1,YKL205W
P33419,SPC29,YPL124W
P33420,NIP100,YPL174C
P33441,MFT1,YML062C
P33442,RPS1A,YLR441C
P33448,TOM6,YOR045W
P33734,HIS7,YBR248C
P33748,MSN2,YMR037C
P33749,MSN4,YKL062W
P33750,SOF1,YLL011W
P33753,TRM2,YKR056W
P33755,NPL4,YBR170C
P33757,SPO23,YBR250W
P33760,PEX6,YNL329C
P33891,TIP20,YGL145W
P33892,GCN1,YGL195W
P33894,STE13,YOR219C
P33895,NUF2,YOL069W
P34072,MKS1,YNL076W
P34077,NIC96,YFR002W
P34078,LTV1,YKL143W
P34110,VPS35,YJL154C
P34111,TFC3,YAL001C
P34160,STO1,YMR125W
P34161,YOX1,YML027W
P34163,TGL1,YKL140W
P34164,SIP2,YGL208W
P34167,TIF3,YPR163C
P34216,EDE1,YBL047C
P34217,PIN4,YBL051C
P34218,SAS3,YBL052C
P34219,TOD6,YBL054W
P34220,YBL055C,YBL055C
P34221,PTC3,YBL056W
P34222,PTH2,YBL057C
P34223,SHP1,YBL058W
P34225,YEL1,YBL060W
P34226,SKT5,YBL061C
P34227,PRX1,YBL064C
P34228,SEF1,YBL066C
P34230,PXA2,YKL188C
P34231,YKL187C,YKL187C
P34232,MTR2,YKL186C
P34233,ASH1,YKL185W
P34237,COY1,YKL179C
P34239,LST4,YKL176C
P34240,ZRT3,YKL175W
P34241,URB1,YKL014C
P34243,HCS1,YKL017C
P34244,HSL1,YKL101W
P34246,MTC2,YKL098W
P34247,UTP11,YKL099C
P34250,YKL105C,YKL105C
P34251,YKL107W,YKL107W
P34252,SLD2,YKL108W
P34253,KTI12,YKL110C
P34730,BMH2,YDR099W
P34756,FAB1,YFR019W
P34758,SCD5,YOR329C
P34760,TSA1,YML028W
P34761,WHI3,YNL197C
P34909,MOT2,YER068W
P35056,PEX5,YDR244W
P35127,YUH1,YJR099W
P35169,TOR1,YJR066W
P35172,NTH2,YBR001C
P35176,CPR5,YDR304C
P35177,SPT7,YBR081C
P35178,RRP1,YDR087C
P35179,SSS1,YDR086C
P35180,TOM20,YGR082W
P35181,APS1,YLR170C
P35182,PTC1,YDL006W
P35187,SGS1,YMR190C
P35189,TAF14,YPL129W
P35190,CLG1,YGL215W
P35191,MDJ1,YFL016C
P35192,MAC1,YMR021C
P35193,ATG19,YOL082W
P35194,UTP20,YBL004W
P35195,ECM15,YBL001C
P35196,RER2,YBR002C
P35197,GCS1,YDL226C
P35198,MTH1,YDR277C
P35201,MIF2,YKL089W
P35203,CTF13,YMR094W
P35207,SKI2,YLR398C
P35208,SPT10,YJL127C
P35209,SPT21,YMR179W
P35210,SPT23,YKL020C
P35688,LRG1,YDL240W
P35691,TMA19,YKL056C
P35718,RPC25,YKL144C
P35719,MRP8,YKL142W
P35723,YET1,YKL065C
P35724,MNR2,YKL064W
P35728,MPE1,YKL059C
P35729,NUP120,YKL057C
P35732,DEF1,YKL054C
P35734,ASK1,YKL052C
P35735,SFK1,YKL051W
P35736,YKL050C,YKL050C
P35817,BDF1,YLR399C
P35844,KES1,YPL145C
P35845,SWH1,YAR042W
P35999,2019-10-01 00:00:00,YKL134C
P36000,APL2,YKL135C
P36002,PTK1,YKL198C
P36003,NNK1,YKL171W
P36004,KKQ8,YKL168C
P36006,MYO3,YKL129C
P36007,SRY1,YKL218C
P36008,TEF4,YKL081W
P36009,DHR2,YKL078W
P36010,YNK1,YKL067W
P36012,CSE4,YKL049C
P36013,MAE1,YKL029C
P36015,YKT6,YKL196C
P36017,VPS21,YOR089C
P36018,YPT52,YKR014C
P36019,YPT53,YNL093W
P36022,DYN1,YKR054C
P36023,OAF3,YKR064W
P36024,SIS2,YKR072C
P36025,YOR062C,YOR062C
P36026,UBP11,YKR098C
P36027,MID2,YLR332W
P36029,TPO5,YKL174C
P36035,JEN1,YKL217W
P36036,YRA2,YKL214C
P36037,DOA1,YKL213C
P36040,ADD66,YKL206C
P36041,EAP1,YKL204W
P36046,MIA40,YKL195W
P36047,SDS22,YKL193C
P36048,SNU114,YKL173W
P36049,EBP2,YKL172W
P36051,MCD4,YKL165C
P36052,YKL162C,YKL162C
P36053,ELF1,YKL160W
P36054,RCN1,YKL159C
P36056,RSM22,YKL155C
P36059,YKL151C,YKL151C
P36060,MCR1,YKL150W
P36062,AVT3,YKL146W
P36066,YKL133C,YKL133C
P36069,PMU1,YKL128C
P36075,CUE2,YKL090W
P36076,CAB3,YKL088W
P36077,SRX1,YKL086W
P36078,HOT13,YKL084W
P36080,RRP14,YKL082C
P36083,YKL075C,YKL075C
P36084,MUD2,YKL074C
P36085,STB6,YKL072W
P36086,YKL071W,YKL071W
P36090,YKL047W,YKL047W
P36093,PHD1,YKL043W
P36094,SPC42,YKL042W
P36095,VPS24,YKL041W
P36097,TTI1,YKL033W
P36100,TFA1,YKL028W
P36101,YKL027W,YKL027W
P36102,PAN3,YKL025C
P36103,YKL023W,YKL023W
P36104,SWD2,YKL018W
P36106,BYE1,YKL005C
P36107,AUR1,YKL004W
P36108,DID4,YKL002W
P36113,YKR017C,YKR017C
P36114,YKR018C,YKR018C
P36115,IRS4,YKR019C
P36116,VPS51,YKR020W
P36117,ALY1,YKR021W
P36118,NTR2,YKR022C
P36119,YKR023W,YKR023W
P36120,DBP7,YKR024C
P36121,RPC37,YKR025W
P36122,BCH2,YKR027W
P36123,SAP190,YKR028W
P36124,SET3,YKR029C
P36125,GMH1,YKR030W
P36126,SPO14,YKR031C
P36130,CAF4,YKR036C
P36131,SPC34,YKR037C
P36136,SHB17,YKR043C
P36137,UIP5,YKR044W
P36138,YKR045C,YKR045C
P36139,PET10,YKR046C
P36142,YKR051W,YKR051W
P36143,GLG1,YKR058W
P36144,UTP30,YKR060W
P36145,TFA2,YKR062W
P36146,LAS1,YKR063C
P36147,PAM17,YKR065C
P36148,GPT2,YKR067W
P36149,BET3,YKR068C
P36150,MET1,YKR069W
P36151,YKR070W,YKR070W
P36152,DRE2,YKR071C
P36153,YKR073C,YKR073C
P36154,AIM29,YKR074W
P36155,YKR075C,YKR075C
P36156,ECM4,YKR076W
P36157,MSA2,YKR077W
P36158,YKR078W,YKR078W
P36159,TRZ1,YKR079C
P36160,RPF2,YKR081C
P36161,NUP133,YKR082W
P36164,TVP38,YKR088C
P36165,TGL4,YKR089C
P36166,PXL1,YKR090W
P36167,SRL3,YKR091W
P36168,YKR096W,YKR096W
P36169,SKG1,YKR100C
P36224,JNM1,YMR294W
P36421,TYS1,YGR185C
P36517,MRPL4,YLR439W
P36525,MRPL24,YMR193W
P36526,MRPL27,YBR282W
P36527,MRPL28,YDR462W
P36528,MRPL17,YNL252C
P36775,PIM1,YBL022C
P36973,APT2,YDR441C
P37012,PGM2,YMR105C
P37020,GEF1,YJR040W
P37254,ABZ1,YNR033W
P37261,FRM2,YCL026C-A
P37262,SOL2,YCR073W-A
P37263,YCR087C-A,YCR087C-A
P37291,SHM2,YLR058C
P37292,SHM1,YBR263W
P37296,STV1,YMR054W
P37297,STT4,YLR305C
P37302,APE3,YBR286W
P37303,GLY1,YEL046C
P37304,PAM1,YDR251W
P37366,CCL1,YPR025C
P37370,VRP1,YLR337C
P37838,NOP4,YPL043W
P38009,ADE17,YMR120C
P38011,ASC1,YMR116C
P38013,AHP1,YLR109W
P38041,BOI1,YBL085W
P38042,CDC27,YBL084C
P38061,RPL32,YBL092W
P38063,PRS4,YBL068W
P38065,APL3,YBL037W
P38066,RIB1,YBL033C
P38067,UGA2,YBR006W
P38069,MNN2,YBR015C
P38070,YPK3,YBR028C
P38071,ETR1,YBR026C
P38073,EDS1,YBR033W
P38074,HMT1,YBR034C
P38075,PDX3,YBR035C
P38077,ATP3,YBR039W
P38079,YRO2,YBR054W
P38080,AKL1,YBR059C
P38081,YBR056W,YBR056W
P38082,NRG2,YBR066C
P38083,YBR063C,YBR063C
P38084,BAP2,YBR068C
P38085,TAT1,YBR069C
P38086,RDH54,YBR073W
P38088,GRS1,YBR121C
P38090,AGP2,YBR132C
P38110,TEL1,YBL088C
P38111,MEC1,YBR136W
P38112,MAK5,YBR142W
P38113,ADH5,YBR145W
P38114,TBS1,YBR150C
P38115,ARA1,YBR149W
P38116,ARL1,YBR164C
P38121,POL12,YBL035C
P38123,SWD3,YBR175W
P38124,FLR1,YBR008C
P38128,SMP1,YBR182C
P38129,TAF5,YBR198C
P38131,KTR4,YBR199W
P38132,MCM7,YBR202W
P38139,LDH1,YBR204C
P38140,ERT1,YBR239C
P38143,GPX2,YBR244W
P38144,ISW1,YBR245C
P38145,RIB5,YBR256C
P38146,YPT10,YBR264C
P38147,CHK1,YBR274W
P38148,PPS1,YBR276C
P38149,DUG2,YBR281C
P38150,YBR284W,YBR284W
P38151,PBP2,YBR233W
P38153,APM3,YBR288C
P38163,SRO77,YBL106C
P38164,SEA4,YBL104C
P38165,RTG3,YBL103C
P38166,SFT2,YBL102W
P38167,ECM21,YBL101C
P38169,BNA4,YBL098W
P38170,BRN1,YBL097W
P38174,MAP2,YBL091C
P38177,YBL086C,YBL086C
P38179,ALG3,YBL082C
P38181,NUP170,YBL079W
P38183,YBL077W,YBL077W
P38187,UBP13,YBL067C
P38191,MOH1,YBL049W
P38193,PSY4,YBL046W
P38196,FUI1,YBL042C
P38197,YBL036C,YBL036C
P38198,STU1,YBL034C
P38199,HEK2,YBL032W
P38200,SHE1,YBL031W
P38201,YBL029W,YBL029W
P38202,YBL028C,YBL028C
P38203,LSM2,YBL026W
P38205,NCL1,YBL024W
P38207,APN2,YBL019W
P38208,POP8,YBL018C
P38210,LDB7,YBL006C
P38212,RCR1,YBR005W
P38213,DSF2,YBR007C
P38216,YBR016W,YBR016W
P38218,POA1,YBR022W
P38219,OLA1,YBR025C
P38221,CDS1,YBR029C
P38222,RKM3,YBR030W
P38224,FIG1,YBR040W
P38226,CST26,YBR042C
P38227,QDR3,YBR043C
P38230,ZTA1,YBR046C
P38235,YBR053C,YBR053C
P38237,UBP14,YBR058C
P38238,TRM7,YBR061C
P38239,YBR062C,YBR062C
P38241,ECM2,YBR065C
P38243,YBR071W,YBR071W
P38244,YBR074W,YBR074W
P38248,ECM33,YBR078W
P38249,RPG1,YBR079C
P38250,IST2,YBR086C
P38254,PBY1,YBR094W
P38255,RXT2,YBR095C
P38257,MMS4,YBR098W
P38260,FES1,YBR101C
P38261,EXO84,YBR102C
P38262,SIF2,YBR103W
P38263,VID24,YBR105C
P38264,PHO88,YBR106W
P38266,AIM3,YBR108W
P38269,YBR124W,YBR124W
P38270,ATG14,YBR128C
P38271,OPY1,YBR129C
P38272,SHE3,YBR130C
P38273,CCZ1,YBR131W
P38274,HSL7,YBR133C
P38280,YSW1,YBR148W
P38281,APD1,YBR151W
P38282,SPP381,YBR152W
P38283,SLI15,YBR156C
P38284,ICS2,YBR157C
P38285,AMN1,YBR158W
P38286,IFA38,YBR159W
P38287,CSH1,YBR161W
P38291,POP7,YBR167C
P38293,UMP1,YBR173C
P38294,YBR174C,YBR174C
P38295,EHT1,YBR177C
P38297,FZO1,YBR179C
P38302,NTC20,YBR188C
P38304,MED8,YBR193C
P38306,YBR197C,YBR197C
P38308,COS111,YBR203W
P38310,FTH1,YBR207W
P38313,AME1,YBR211C
P38314,SDS24,YBR214W
P38315,YBP1,YBR216C
P38316,ATG12,YBR217W
P38319,TDP1,YBR223C
P38321,YBR225W,YBR225W
P38325,OM14,YBR230C
P38326,SWC5,YBR231C
P38328,ARC40,YBR234C
P38329,YBR235W,YBR235W
P38330,YBR238C,YBR238C
P38331,YBR242W,YBR242W
P38332,RRT2,YBR246W
P38333,ENP1,YBR247C
P38334,TRS20,YBR254C
P38335,MTC4,YBR255W
P38336,POP4,YBR257W
P38337,SHG1,YBR258C
P38339,RGD1,YBR260C
P38343,SLM6,YBR266C
P38344,REI1,YBR267W
P38345,FMP21,YBR269C
P38346,BIT2,YBR270C
P38347,YBR271W,YBR271W
P38348,HSM3,YBR272C
P38349,UBX7,YBR273C
P38351,PAF1,YBR279W
P38352,SAF1,YBR280C
P38354,YBR285W,YBR285W
P38355,YBR287W,YBR287W
P38356,BSD2,YBR290W
P38426,TPS3,YMR261C
P38427,TSL1,YML100W
P38428,CUE1,YMR264W
P38429,SAP30,YMR263W
P38431,TIF5,YPR041W
P38439,LEO1,YOR123C
P38523,MGE1,YOR232W
P38555,YPT31,YER031C
P38590,MSG5,YNL053W
P38604,ERG7,YHR072W
P38615,RIM11,YMR139W
P38616,YGP1,YNL160W
P38622,RCK1,YGL158W
P38623,RCK2,YLR248W
P38624,PRE3,YJL001W
P38625,GUA1,YMR217W
P38627,URA8,YJR103W
P38628,PCM1,YEL058W
P38629,RFC3,YNL290W
P38630,RFC1,YOR217W
P38631,FKS1,YLR342W
P38632,MMS21,YEL019C
P38633,SOH1,YGL127C
P38634,SIC1,YLR079W
P38635,HIS2,YFR025C
P38682,GLO3,YER122C
P38687,SRP68,YPL243W
P38688,SRP72,YPL210C
P38689,PRS3,YHL011C
P38690,YHR033W,YHR033W
P38691,KSP1,YHR082C
P38692,KIC1,YHR102W
P38695,HXT5,YHR096C
P38697,IMD2,YHR216W
P38698,PPX1,YHR201C
P38699,STB5,YHR178W
P38700,APM2,YHL019C
P38701,RPS20,YHL015W
P38703,LAG1,YHL003C
P38704,STP2,YHR006W
P38707,DED81,YHR019C
P38708,YHR020W,YHR020W
P38710,INM1,YHR046C
P38712,RRP3,YHR065C
P38713,OSH3,YHR073W
P38715,GRE3,YHR104W
P38717,SIP3,YNL257C
P38720,GND1,YHR183W
P38723,COS8,YHL048W
P38731,ARN1,YHL040C
P38732,EFM1,YHL039W
P38735,VMR1,YHL035C
P38736,GOS1,YHL031C
P38737,ECM29,YHL030W
P38738,OCA5,YHL029C
P38739,WSC4,YHL028W
P38740,YHL026C,YHL026C
P38741,RIM4,YHL024W
P38742,NPR3,YHL023C
P38744,YHL018W,YHL018W
P38745,YHL017W,YHL017W
P38747,OTU2,YHL013C
P38748,ETP1,YHL010C
P38749,YAP3,YHL009C
P38750,YHL008C,YHL008C
P38753,HSE1,YHL002W
P38756,YHR003C,YHR003C
P38757,NEM1,YHR004C
P38758,TDA3,YHR009C
P38759,VPS29,YHR012W
P38763,YHR022C,YHR022C
P38764,RPN1,YHR027C
P38766,RRM3,YHR031C
P38767,ERC1,YHR032W
P38768,PIH1,YHR034C
P38770,BRL1,YHR036W
P38772,BCD1,YHR040W
P38775,YHR045W,YHR045W
P38777,FSH1,YHR049W
P38778,SMF2,YHR050W
P38779,CIC1,YHR052W
P38781,RSC30,YHR056C
P38782,MED6,YHR058C
P38785,GIC1,YHR061C
P38786,RPP1,YHR062C
P38787,PAN5,YHR063C
P38788,SSZ1,YHR064C
P38789,SSF1,YHR066W
P38791,DYS1,YHR068W
P38792,RRP4,YHR069C
P38793,TRM5,YHR070W
P38795,QNS1,YHR074W
P38798,NMD2,YHR077C
P38799,YHR078W,YHR078W
P38800,YHR080C,YHR080C
P38801,LRP1,YHR081W
P38803,IPI1,YHR085W
P38804,RTC3,YHR087W
P38805,RPF1,YHR088W
P38806,YNG2,YHR090C
P38809,YHR097C,YHR097C
P38810,SFB3,YHR098C
P38811,TRA1,YHR099W
P38813,BIG1,YHR101C
P38814,SBE22,YHR103W
P38815,YPT35,YHR105W
P38817,GGA2,YHR108W
P38818,CTM1,YHR109W
P38820,UBA4,YHR111W
P38821,APE4,YHR113W
P38822,BZZ1,YHR114W
P38823,DMA1,YHR115C
P38825,TOM71,YHR117W
P38826,ORC6,YHR118C
P38827,SET1,YHR119W
P38828,LSM12,YHR121W
P38829,YHR122W,YHR122W
P38833,YHR127W,YHR127W
P38835,YHR131C,YHR131C
P38837,NSG1,YHR133C
P38839,SPL2,YHR136C
P38840,ARO9,YHR137W
P38841,YHR138C,YHR138C
P38845,CRP1,YHR146W
P38848,PEX28,YHR150W
P38850,RTT107,YHR154W
P38851,YSP1,YHR155W
P38852,LIN1,YHR156C
P38853,KEL1,YHR158C
P38854,TDA11,YHR159W
P38855,PEX18,YHR160C
P38856,YAP1801,YHR161C
P38858,SOL3,YHR163W
P38859,DNA2,YHR164C
P38861,NMD3,YHR170W
P38862,ATG7,YHR171W
P38863,SPC97,YHR172W
P38865,CTR2,YHR175W
P38866,FMO1,YHR176W
P38867,YHR177W,YHR177W
P38870,YHR182W,YHR182W
P38873,KOG1,YHR186C
P38877,CTF8,YHR191C
P38878,YHR192W,YHR192W
P38879,EGD2,YHR193C
P38881,NVJ1,YHR195W
P38882,UTP9,YHR196W
P38883,RIX1,YHR197W
P38886,RPN10,YHR200W
P38889,SKN7,YHR206W
P38890,SET5,YHR207C
P38891,BAT1,YHR208W
P38893,YHR210C,YHR210C
P38903,RTS1,YOR014W
P38904,SPP41,YDR464W
P38907,CHL4,YDR254W
P38910,HSP10,YOR020C
P38911,FPR3,YML074C
P38912,TIF11,YMR260C
P38913,FAD1,YDL045C
P38915,SPT8,YLR055C
P38920,MLH1,YMR167W
P38922,HRB1,YNL004W
P38925,SMF1,YOL122C
P38928,AXL2,YIL140W
P38929,PMC1,YGL006W
P38930,CKB2,YOR039W
P38931,SSN2,YDR443C
P38932,VPS45,YGL095C
P38934,BFR1,YOR198C
P38953,RAD55,YDR076W
P38954,IPT1,YDR072C
P38959,VPS41,YDR080W
P38960,STN1,YDR082W
P38961,RRP8,YDR083W
P38966,YDR089W,YDR089W
P38967,TAT2,YOL020W
P38968,SEC31,YDL195W
P38969,PNT1,YOR266W
P38970,HAL5,YJL165C
P38972,ADE6,YGR061C
P38985,SRP14,YDL092W
P38986,ASP1,YDR321W
P38987,TEM1,YML064C
P38989,SMC2,YFR031C
P38990,SAK1,YER129W
P38991,IPL1,YPL209C
P38993,FET3,YMR058W
P38994,MSS4,YDR208W
P38995,CCC2,YDR270W
P38996,NAB3,YPL190C
P38998,LYS1,YIR034C
P38999,LYS9,YNR050C
P39001,UME6,YDR207C
P39002,FAA3,YIL009W
P39004,HXT7,YDR342C
P39005,KRE9,YJL174W
P39006,PSD1,YNL169C
P39008,POP2,YNR052C
P39009,DUN1,YDL101C
P39010,AKR1,YDR264C
P39011,BEM4,YPL161C
P39013,END3,YNL084C
P39014,MET30,YIL046W
P39015,STM1,YLR150W
P39016,MPT5,YGL178W
P39073,SSN3,YPL042C
P39076,CCT2,YIL142W
P39077,CCT3,YJL014W
P39078,CCT4,YDL143W
P39079,CCT6,YDR188W
P39081,PCF11,YDR228C
P39083,RGA1,YOR127W
P39101,CAJ1,YER048C
P39102,XDJ1,YLR090W
P39104,PIK1,YNL267W
P39105,PLB1,YMR008C
P39109,YCF1,YDR135C
P39110,CIN4,YMR138W
P39111,VMA7,YGR020C
P39112,DSS1,YMR287C
P39113,CAT8,YMR280C
P39516,RPS14B,YJL191W
P39517,DHH1,YDL160C
P39518,FAA2,YER015W
P39520,IFH1,YLR223C
P39521,FHL1,YPR104C
P39522,ILV3,YJR016C
P39523,YMR124W,YMR124W
P39524,DRS2,YAL026C
P39525,CEM1,YER061C
P39526,LAA1,YJL207C
P39529,YJL206C,YJL206C
P39531,RCY1,YJL204C
P39533,ACO2,YJL200C
P39534,MBB1,YJL199C
P39535,PHO90,YJL198W
P39538,UBP12,YJL197W
P39542,YJL193W,YJL193W
P39547,UIP3,YAR027W
P39548,YAR028W,YAR028W
P39549,YAR029W,YAR029W
P39552,MST28,YAR033W
P39567,IMD1,YAR073W
P39676,YHB1,YGR234W
P39677,MEF2,YJL102W
P39678,MBP1,YDL056W
P39682,PRP39,YML046W
P39683,NPT1,YOR209C
P39685,POM152,YMR129W
P39692,MET10,YFR030W
P39702,VPS8,YAL002W
P39705,NUP60,YAR002W
P39707,SEN34,YAR008W
P39708,GDH3,YAL062W
P39709,SEO1,YAL067C
P39713,BDH2,YAL061W
P39714,BDH1,YAL060W
P39715,ECM1,YAL059W
P39717,GPB2,YAL056W
P39719,FLC2,YAL053W
P39720,OAF1,YAL051W
P39721,AIM2,YAL049C
P39722,GEM1,YAL048C
P39723,SPC72,YAL047C
P39726,GCV3,YAL044C
P39727,ERV46,YAL042W
P39730,FUN12,YAL035W
P39732,GIP4,YAL031C
P39734,FRT2,YAL028W
P39743,RVS167,YDR388W
P39744,NOC2,YOR206W
P39875,EXO1,YOR033C
P39904,VPS52,YDR484W
P39923,NPR2,YEL062W
P39925,AFG3,YER017C
P39926,SSO2,YMR183C
P39927,PTI1,YGR156W
P39928,SLN1,YIL147C
P39929,SNF7,YLR025W
P39931,SSP120,YLR250W
P39933,PZF1,YPR186C
P39935,TIF4631,YGR162W
P39936,TIF4632,YGL049C
P39938,RPS26A,YGL189C
P39939,RPS26B,YER131W
P39940,RSP5,YER125W
P39943,MIG3,YER028C
P39944,UBP5,YER144C
P39954,SAH1,YER043C
P39955,SAP1,YER047C
P39956,RPH1,YER169W
P39958,GDI1,YER136W
P39959,YER130C,YER130C
P39960,BEM2,YER155C
P39962,YCK3,YER123W
P39965,AIM10,YER087W
P39966,PTC2,YER089C
P39967,UBP9,YER098W
P39968,VAC8,YEL013W
P39969,BOI2,YER114C
P39970,ACA1,YER045C
P39975,RMD6,YEL072W
P39976,DLD3,YEL071W
P39981,AVT2,YEL064C
P39984,HAT2,YEL056W
P39985,POL5,YEL055C
P39986,SPF1,YEL031W
P39987,ECM10,YEL030W
P39990,SNU13,YEL026W
P39991,YEL025C,YEL025C
P39992,YEL023C,YEL023C
P39993,GEA2,YEL022W
P39995,EAF5,YEL018W
P39996,GTT3,YEL017W
P39997,NPP2,YEL016C
P39998,EDC3,YEL015W
P40002,MIT1,YEL007W
P40003,VAB2,YEL005C
P40007,NOP16,YER002W
P40009,YND1,YER005W
P40010,NUG1,YER006W
P40013,BIM1,YER016W
P40014,SPC25,YER018C
P40015,ISC1,YER019W
P40016,RPN3,YER021W
P40017,YAT2,YER024W
P40018,SMB1,YER029C
P40019,CHZ1,YER030W
P40020,FIR1,YER032W
P40021,ZRG8,YER033C
P40022,YER034W,YER034W
P40023,EDC2,YER035W
P40024,ARB1,YER036C
P40025,PHM8,YER037W
P40026,KRE29,YER038C
P40028,YEN1,YER041W
P40029,MXR1,YER042W
P40031,SPO73,YER046W
P40032,TPA1,YER049W
P40036,GIP2,YER054C
P40037,HMF1,YER057C
P40038,PCL6,YER059W
P40039,FCY21,YER060W
P40040,THO1,YER063W
P40041,VHR2,YER064C
P40043,RGI1,YER067W
P40045,TDA2,YER071C
P40046,VTC1,YER072W
P40047,ALD5,YER073W
P40048,PTP3,YER075C
P40050,YER077C,YER077C
P40052,YER079W,YER079W
P40053,AIM9,YER080W
P40054,SER3,YER081W
P40055,UTP7,YER082C
P40056,GET2,YER083C
P40059,DOT6,YER088C
P40060,IES5,YER092W
P40061,TSC11,YER093C
P40063,RTT105,YER104W
P40064,NUP157,YER105C
P40066,GLE2,YER107C
P40068,FLO8,YER109C
P40069,KAP123,YER110C
P40070,LSM4,YER112W
P40071,TMN3,YER113C
P40072,SLX8,YER116C
P40073,SHO1,YER118C
P40074,AVT6,YER119C
P40075,SCS2,YER120W
P40077,DSE1,YER124C
P40078,NSA2,YER126C
P40079,LCP5,YER127W
P40080,VFA1,YER128W
P40084,RTR1,YER139C
P40085,YER140W,YER140W
P40086,COX15,YER141W
P40087,DDI1,YER143W
P40088,FTR1,YER145C
P40089,LSM5,YER146W
P40090,SCC4,YER147C
P40091,PEA2,YER149C
P40093,YER156C,YER156C
P40094,COG3,YER157W
P40095,YER158C,YER158C
P40096,BUR6,YER159C
P40106,HOR2,YER062C
P40150,SSB2,YNL209W
P40154,IES2,YNL215W
P40155,PEX17,YNL214W
P40157,VID27,YNL212W
P40159,YNL208W,YNL208W
P40160,RIO2,YNL207W
P40161,RTT106,YNL206C
P40164,PSY2,YNL201C
P40168,YNL195C,YNL195C
P40169,YNL194C,YNL194C
P40185,MMF1,YIL051C
P40186,PCL7,YIL050W
P40187,PIG2,YIL045W
P40202,CCS1,YMR038C
P40204,SMX2,YFL017W-A
P40208,GID8,YMR135C
P40209,GAT2,YMR136W
P40210,SIP5,YMR140W
P40212,RPL13B,YMR142C
P40214,YMR144W,YMR144W
P40215,NDE1,YMR145C
P40217,TIF34,YMR146C
P40218,YMR147W,YMR147W
P40219,OSW5,YMR148W
P40302,PRE5,YMR314W
P40303,PRE6,YOL038W
P40308,TGL3,YMR313C
P40309,KHA1,YJL094C
P40310,TOK1,YJL093C
P40312,CYB5,YNL111C
P40314,BTT1,YDR252W
P40316,PDS1,YDR113C
P40317,SOK1,YDR006C
P40318,SSM4,YIL030C
P40319,SUR4,YLR372W
P40327,RPT2,YDL007W
P40328,YTA6,YPL074W
P40335,PEP8,YJL053W
P40339,RFC4,YOL094C
P40340,YTA7,YGR270W
P40343,VPS27,YNR006W
P40344,ATG3,YNR007C
P40345,LRO1,YNR008W
P40347,LTP1,YPR073C
P40348,RFC2,YJR068W
P40350,ALG5,YPL227C
P40352,RAD26,YJR035W
P40354,NTA1,YJR062C
P40355,YJR061W,YJR061W
P40356,PGD1,YGL025C
P40357,SEC9,YGR009C
P40361,YJL070C,YJL070C
P40362,UTP18,YJL069C
P40363,YJL068C,YJL068C
P40364,MPM1,YJL066C
P40366,DLS1,YJL065C
P40368,NUP82,YJL061W
P40395,RIC1,YLR039C
P40413,CCT5,YJR064W
P40414,TPM2,YIL138C
P40416,ATM1,YMR301C
P40422,RPC10,YHR143W-A
P40433,PFK26,YIL107C
P40438,VTH1,YIL173W
P40449,YIL161W,YIL161W
P40450,BNR1,YIL159W
P40453,UBP7,YIL156W
P40454,RRD1,YIL153W
P40455,YIL152W,YIL152W
P40456,YIL151C,YIL151C
P40457,MLP2,YIL149C
P40458,ATG32,YIL146C
P40459,PAN6,YIL145C
P40460,TID3,YIL144W
P40462,TMA108,YIL137C
P40463,VHS2,YIL135C
P40466,FKH1,YIL131C
P40467,ASG1,YIL130W
P40468,TAO3,YIL129C
P40469,MET18,YIL128W
P40470,RRT14,YIL127C
P40471,AYR1,YIL124W
P40473,POG1,YIL122W
P40474,QDR2,YIL121W
P40476,PRM5,YIL117C
P40477,NUP159,YIL115C
P40478,POR2,YIL114C
P40479,SDP1,YIL113W
P40480,HOS4,YIL112W
P40481,HPM1,YIL110W
P40482,SEC24,YIL109C
P40483,YIL108W,YIL108W
P40484,MOB1,YIL106W
P40485,SLM1,YIL105C
P40486,SHQ1,YIL104C
P40489,XBP1,YIL101C
P40492,FYV10,YIL097W
P40493,YIL096C,YIL096C
P40494,PRK1,YIL095W
P40495,LYS12,YIL094C
P40497,YIL092W,YIL092W
P40498,UTP25,YIL091C
P40501,AVT7,YIL088C
P40503,YIL086C,YIL086C
P40505,SDS3,YIL084C
P40506,CAB2,YIL083C
P40507,AIR1,YIL079C
P40510,SER33,YIL074C
P40511,SPO22,YIL073C
P40512,PCI8,YIL071C
P40513,MAM33,YIL070C
P40515,FIS1,YIL065C
P40517,YRB2,YIL063C
P40518,ARC15,YIL062C
P40522,VHR1,YIL056W
P40523,YIL055C,YIL055C
P40527,NEO1,YIL048W
P40528,SYG1,YIL047C
P40529,AGE2,YIL044C
P40531,GVP36,YIL041W
P40535,CST6,YIL036W
P40537,ULP2,YIL031W
P40541,IRR1,YIL026C
P40543,YIL024C,YIL024C
P40545,HIS6,YIL020C
P40546,FAF1,YIL019W
P40547,VID28,YIL017C
P40548,SNL1,YIL016W
P40553,DOT5,YIL010W
P40558,CFD1,YIL003W
P40559,INP51,YIL002C
P40560,YIL001W,YIL001W
P40561,SGN1,YIR001C
P40562,MPH1,YIR002C
P40563,AIM21,YIR003W
P40564,DJP1,YIR004W
P40565,IST3,YIR005W
P40566,YIR007W,YIR007W
P40568,DSN1,YIR010W
P40570,YIR014W,YIR014W
P40572,YIR016W,YIR016W
P40574,YAP5,YIR018W
P40577,MND2,YIR025W
P40578,MGA2,YIR033W
P40579,YIR035C,YIR035C
P40580,IRC24,YIR036C
P40581,HYR1,YIR037W
P40582,GTT1,YIR038C
P40693,RLP7,YNL002C
P40825,ALA1,YOR335C
P40850,MKT1,YNL085W
P40851,AXL1,YPR122W
P40856,SAP185,YJL098W
P40858,MRPL49,YJL096W
P40884,IMA5,YJL216C
P40892,YJL218W,YJL218W
P40893,REE1,YJL217W
P40897,OPT1,YJL212C
P40917,CIN5,YOR028C
P40955,CHS6,YJL099W
P40956,GTS1,YGL181W
P40957,MAD1,YGL086W
P40958,MAD2,YJL030W
P40959,MVP1,YMR004W
P40960,PAC11,YDR488C
P40961,PHB1,YGR132C
P40962,RTS2,YOR077W
P40963,SAS2,YMR127C
P40968,CDC40,YDR364C
P40969,CEP3,YMR168C
P40970,LCB2,YDR062W
P40971,LYS14,YDR034C
P40986,CDC1,YDR182W
P40989,GSC2,YGR032W
P40991,NOP2,YNL061W
P40993,SNM1,YDR478W
P40994,ARF3,YOR094W
P41056,RPL33B,YOR234C
P41057,RPS29A,YLR388W
P41058,RPS29B,YDL061C
P41277,RHR2,YIL053W
P41318,LST8,YNL006W
P41338,ERG10,YPL028W
P41544,SYS1,YJL004C
P41546,HAC1,YFL031W
P41695,BUB1,YGR188C
P41696,AZF1,YOR113W
P41697,BUD6,YLR319C
P41698,BUD8,YLR353W
P41805,RPL10,YLR075W
P41807,VMA13,YPR036W
P41809,HKR1,YDR420W
P41810,SEC26,YDR238C
P41811,SEC27,YGL137W
P41812,POP1,YNL221C
P41813,FKH2,YNL068C
P41814,GCD10,YNL062C
P41815,BAP3,YDR046C
P41816,OYE3,YPL171C
P41817,CUP9,YPL177C
P41818,GLC8,YMR311C
P41819,DIM1,YPL266W
P41832,BNI1,YNL271C
P41833,IME4,YGL192W
P41834,UFE1,YOR075W
P41895,TFG1,YGR186W
P41896,TFG2,YGR005C
P41901,SPR3,YGR059W
P41909,PXA1,YPL147W
P41910,MAF1,YDR005C
P41911,GPD2,YOL059W
P41912,SHR5,YOL110W
P41913,GDS1,YOR355W
P41920,YRB1,YDR002W
P41921,GLR1,YPL091W
P41930,SSU1,YPL092W
P41939,IDP2,YLR174W
P41940,PSA1,YDL055C
P41948,MEP2,YNL142W
P42073,REF2,YDR195W
P42223,SBE2,YDR351W
P42826,XKS1,YGR194C
P42836,PFA3,YNL326C
P42837,FIG4,YNL325C
P42838,LEM3,YNL323W
P42839,VNX1,YNL321W
P42840,YNL320W,YNL320W
P42841,PFS2,YNL317W
P42842,EMW1,YNL313C
P42843,SKP2,YNL311C
P42845,STB1,YNL309W
P42846,KRI1,YNL308C
P42847,MRPS18,YNL306W
P42884,AAD14,YNL331C
P42933,SPG5,YMR191W
P42934,PMT6,YGR199W
P42935,ELP2,YGR200C
P42938,TDA10,YGR205W
P42939,MVB12,YGR206W
P42940,CIR1,YGR207C
P42942,YGR210C,YGR210C
P42943,CCT7,YJL111W
P42944,GZF3,YJL110C
P42945,UTP10,YJL109C
P42946,PRM10,YJL108C
P42947,YJL107C,YJL107C
P42949,PAM16,YJL104W
P42950,GSM1,YJL103C
P42951,LSB6,YJL100W
P43123,QRI1,YDL103C
P43124,NSE4,YDL105W
P43132,BRE2,YLR015W
P43535,GCN20,YFR009W
P43549,YFL054C,YFL054C
P43550,DAK2,YFL053W
P43554,SWP82,YFL049W
P43556,RGD2,YFL047W
P43558,OTU1,YFL044C
P43560,YFL042C,YFL042C
P43561,FET5,YFL041W
P43562,YFL040W,YFL040W
P43563,MOB2,YFL034C-B
P43564,YFL034W,YFL034W
P43565,RIM15,YFL033C
P43567,AGX1,YFL030W
P43568,CAK1,YFL029C
P43571,BST1,YFL025C
P43572,EPL1,YFL024C
P43573,BUD27,YFL023W
P43574,GAT1,YFL021W
P43577,GNA1,YFL017C
P43579,IES1,YFL013C
P43580,YFL012W,YFL012W
P43581,HXT10,YFL011W
P43582,WWM1,YFL010C
P43583,BLM10,YFL007W
P43585,VTC2,YFL004W
P43586,LOC1,YFR001W
P43587,YPI1,YFR003C
P43588,RPN11,YFR004W
P43589,SAD1,YFR005C
P43590,YFR006W,YFR006W
P43592,FAR7,YFR008W
P43593,UBP6,YFR010W
P43594,AIM13,YFR011C
P43596,IOC3,YFR013W
P43597,YFR016C,YFR016C
P43598,IGD1,YFR017C
P43601,ATG18,YFR021W
P43602,ROG3,YFR022W
P43603,LSB3,YFR024C-A
P43606,PTR3,YFR029W
P43609,RSC8,YFR037C
P43610,IRC5,YFR038W
P43611,YFR039C,YFR039C
P43612,SAP155,YFR040W
P43615,IRC6,YFR043C
P43616,DUG1,YFR044C
P43618,CNN1,YFR046C
P43619,BNA6,YFR047C
P43620,RMD8,YFR048W
P43621,RET2,YFR051C
P43633,ALK1,YGL021W
P43634,CHA4,YLR098C
P43637,TOS3,YGL179C
P43638,MHP1,YJL042W
P43639,CKB1,YGL019W
P43682,SFT1,YKL006C-A
P45818,ROK1,YGL171W
P45976,FIP1,YJR093C
P45978,SCD6,YPR129W
P46151,MET12,YPL023C
P46367,ALD4,YOR374W
P46654,RPS0B,YLR048W
P46655,GUS1,YGL245W
P46669,RPA43,YOR340C
P46670,CIN2,YPL241C
P46671,FAR3,YMR052W
P46672,ARC1,YGL105W
P46673,NUP85,YJR042W
P46674,SAC3,YDR159W
P46675,STU2,YLR045C
P46676,SUM1,YDR310C
P46677,TAF1,YGR274C
P46678,BDP1,YNL039W
P46679,STB2,YMR053C
P46680,AIP1,YMR092C
P46681,DLD2,YDL178W
P46682,APL6,YGR261C
P46683,YAR1,YPL239W
P46784,RPS10B,YMR230W
P46944,TRS85,YDR108W
P46946,SAE2,YGL175C
P46947,BUD13,YGL174W
P46948,SKI6,YGR195W
P46949,FYV8,YGR196C
P46950,SNG1,YGR197C
P46951,YPP1,YGR198W
P46954,SIP4,YJL089W
P46957,POL31,YJR006W
P46958,IDS2,YJL146W
P46959,GCD14,YJL125C
P46963,CTK3,YML112W
P46969,RPE1,YJL121C
P46970,NMD5,YJR132W
P46974,RSF2,YJR127C
P46983,YJL185C,YJL185C
P46988,PFD1,YJL179W
P46993,ASG7,YJL170C
P46995,SET2,YJL168C
P46996,YJL163C,YJL163C
P46997,JJJ2,YJL162C
P46999,PIR5,YJL160C
P47002,SSY5,YJL156C
P47003,YJL152W,YJL152W
P47006,RPA34,YJL148W
P47007,YJL147C,YJL147C
P47013,LCB3,YJL134W
P47015,AIM23,YJL131C
P47017,LSM1,YJL124C
P47018,MTC1,YJL123C
P47019,ALB1,YJL122W
P47020,YJL120W,YJL120W
P47025,MDV1,YJL112W
P47027,DPB11,YJL090C
P47029,ALY2,YJL084C
P47030,TAX4,YJL083W
P47031,IML2,YJL082W
P47034,ICS3,YJL077C
P47035,NET1,YJL076W
P47037,SMC3,YJL074C
P47039,BNA3,YJL060W
P47041,BIT61,YJL058C
P47042,IKS1,YJL057C
P47043,ZAP1,YJL056C
P47044,YJL055W,YJL055W
P47045,TIM54,YJL054W
P47046,IRC8,YJL051W
P47047,MTR4,YJL050W
P47048,YJL049W,YJL049W
P47049,UBX6,YJL048C
P47050,RTT101,YJL047C
P47053,YJL043W,YJL043W
P47054,NUP192,YJL039C
P47061,VPS53,YJL029C
P47064,APS3,YJL024C
P47068,BBC1,YJL020C
P47069,MPS3,YJL019W
P47072,YJL016W,YJL016W
P47073,YJL015C,YJL015C
P47074,MAD3,YJL013C
P47076,RPC17,YJL011C
P47077,NOP9,YJL010C
P47079,CCT8,YJL008C
P47082,AVT1,YJR001W
P47083,MPP10,YJR002W
P47084,YJR003C,YJR003C
P47085,YJR008W,YJR008W
P47087,YJR012C,YJR012C
P47089,TMA22,YJR014W
P47095,MDE1,YJR024C
P47096,BNA1,YJR025C
P47101,YJR030C,YJR030C
P47102,GEA1,YJR031C
P47103,CPR7,YJR032W
P47104,RAV1,YJR033C
P47108,URB2,YJR041C
P47110,POL32,YJR043C
P47111,VPS55,YJR044C
P47112,TAH11,YJR046W
P47113,BFA1,YJR053W
P47114,YJR054W,YJR054W
P47115,YJR056C,YJR056C
P47116,PTK2,YJR059W
P47117,ARP3,YJR065C
P47118,YAE1,YJR067C
P47119,HAM1,YJR069C
P47120,LIA1,YJR070C
P47121,YJR071W,YJR071W
P47122,NPA3,YJR072C
P47125,BNA2,YJR078W
P47128,EAF6,YJR082C
P47129,ACF4,YJR083C
P47130,CSN12,YJR084W
P47134,BIR1,YJR089W
P47135,JSN1,YJR091C
P47136,BUD4,YJR092W
P47137,YJR096W,YJR096W
P47139,YJR098C,YJR098C
P47140,AIM25,YJR100C
P47141,RSM26,YJR101W
P47143,ADO1,YJR105W
P47144,ECM27,YJR106W
P47147,YMR1,YJR110W
P47148,YJR111C,YJR111C
P47150,RSM7,YJR113C
P47154,STE24,YJR117W
P47156,JHD2,YJR119C
P47159,YJR124C,YJR124C
P47160,ENT3,YJR125C
P47165,XPT1,YJR133W
P47166,SGM1,YJR134C
P47167,MCM22,YJR135C
P47169,MET5,YJR137C
P47170,IML1,YJR138W
P47171,HIR3,YJR140C
P47176,BAT2,YJR148W
P47177,YJR149W,YJR149W
P47181,YJR154W,YJR154W
P47190,PMT3,YOR321W
P47771,ALD2,YMR170C
P47818,CCC1,YLR220W
P47912,FAA4,YMR246W
P47976,CTH1,YDR151C
P47988,TEA1,YOR337W
P48016,ATH1,YPR026W
P48164,RPS7B,YNL096C
P48231,TCB2,YNL087W
P48232,SNN1,YNL086W
P48234,ENP2,YGR145W
P48235,ECL1,YGR146C
P48236,YGR149W,YGR149W
P48240,MTR3,YGR158C
P48353,HLJ1,YMR161W
P48361,ASK10,YGR097W
P48362,HGH1,YGR187C
P48363,PAC10,YGR078C
P48365,GYP7,YDL234C
P48412,UPF3,YGR072W
P48415,SEC16,YPL085W
P48510,DSK2,YMR276W
P48524,BUL1,YMR275C
P48525,MSE1,YOL033W
P48527,MSY1,YPL097W
P48558,BXI1,YNL305C
P48559,YPT11,YNL304W
P48561,TRF5,YNL299W
P48562,CLA4,YNL298W
P48563,MON2,YNL297C
P48564,YNL295W,YNL295W
P48565,RIM21,YNL294C
P48566,MSB3,YNL293W
P48567,PUS4,YNL292W
P48570,LYS20,YDL182W
P48581,RAD17,YOR368W
P48582,BRO1,YPL084W
P48589,RPS12,YOR369C
P48606,RBL2,YOR265W
P48743,RFX1,YLR176C
P48813,GNP1,YDR508C
P48836,VMA10,YHR039C-A
P48837,NUP57,YGR119C
P49017,COQ5,YML110C
P49089,ASN1,YPR145W
P49090,ASN2,YGR124W
P49095,GCV2,YMR189W
P49166,RPL37A,YLR185W
P49167,RPL38,YLR325C
P49334,TOM22,YNL131W
P49367,LYS4,YDR234W
P49435,APT1,YML022W
P49573,CTR1,YPR124W
P49686,NUP42,YDR192C
P49687,NUP145,YGL092W
P49704,PRP31,YGR091W
P49723,RNR4,YGR180C
P49775,HNT2,YDR305C
P49954,NIT3,YLR351C
P49955,HSH155,YMR288W
P49956,CTF18,YMR078C
P49957,TRM9,YML014W
P49960,PRP24,YMR268C
P50077,CCH1,YGR217W
P50078,TOS2,YGR221C
P50082,AMA1,YGR225W
P50085,PHB2,YGR231C
P50086,NAS6,YGR232W
P50089,YGR237C,YGR237C
P50090,KEL2,YGR238C
P50091,PEX21,YGR239C
P50094,IMD4,YML056C
P50095,IMD3,YLR432W
P50101,UBP15,YMR304W
P50104,STB4,YMR019W
P50105,TAF4,YMR005W
P50106,RPA14,YDR156W
P50107,GLO1,YML004C
P50109,PSP2,YML017W
P50110,SAM37,YMR060C
P50111,ZDS1,YMR273C
P50263,SIP18,YMR175W
P50264,FMS1,YMR020W
P50275,ASE1,YOR058C
P50276,MUP1,YGR055W
P50277,BIO3,YNR058W
P50278,SOL1,YNR034W
P50623,UBC9,YDL064W
P50861,RIB4,YOL143C
P50873,MRK1,YDL079C
P50874,ORC5,YNL261W
P50875,SPT20,YOL148C
P50896,PSP1,YDR505C
P50942,INP52,YNL106C
P50944,AVT4,YNL101W
P50946,OCA1,YNL099C
P50947,PHO23,YNL097C
P51402,RPL37B,YDR500C
P51534,SHE4,YOR035C
P51601,FOL2,YGR267C
P51862,ROM2,YLR371W
P51979,HFM1,YGL251C
P51996,YPT32,YGL210W
P51998,YML6,YML025C
P52286,SKP1,YDR328C
P52488,UBA2,YDR390C
P52489,PYK2,YOR347C
P52490,UBC13,YDR092W
P52553,YKE2,YLR200W
P52593,NUP188,YML103C
P52868,CWC23,YGL128C
P52870,SBH1,YER087C-B
P52891,NUP84,YDL116W
P52892,ALT2,YDR111C
P52893,ALT1,YLR089C
P52910,ACS2,YLR153C
P52917,VPS4,YPR173C
P52918,MSN5,YDR335W
P52919,NBP1,YLR457C
P52920,NBP35,YGL091C
P52923,AIF1,YNR074C
P52960,PIP2,YOR363C
P53009,SCY1,YGL083W
P53010,PAN2,YGL094C
P53011,SEH1,YGL100W
P53032,SUT1,YGL162W
P53035,MIG2,YGL209W
P53036,SAP4,YGL229C
P53037,PSD2,YGR170W
P53038,TEL2,YGR099W
P53040,TAF6,YGL112C
P53043,PPT1,YGR123C
P53044,UFD1,YGR048W
P53046,ROM1,YGR070W
P53049,YOR1,YGR281W
P53050,MGA1,YGR249W
P53060,RMR1,YGL250W
P53063,RAI1,YGL246C
P53064,RTF1,YGL244W
P53065,TAD1,YGL243W
P53066,YGL242C,YGL242C
P53067,KAP114,YGL241W
P53068,DOC1,YGL240W
P53070,MTO1,YGL236C
P53072,TAN1,YGL232W
P53076,VID30,YGL227W
P53079,COG1,YGL223C
P53080,EDC1,YGL222C
P53081,NIF3,YGL221C
P53083,MDM34,YGL219C
P53086,KIP3,YGL216W
P53088,NCS6,YGL211W
P53090,ARO8,YGL202W
P53091,MCM6,YGL201C
P53094,MDS3,YGL197W
P53095,DSD1,YGL196W
P53096,HOS2,YGL194C
P53100,YGL185C,YGL185C
P53101,STR3,YGL184C
P53104,ATG1,YGL180W
P53106,YGL165C,YGL165C
P53107,YRB30,YGL164C
P53108,YIP5,YGL161C
P53109,AIM14,YGL160W
P53111,ARI1,YGL157W
P53112,PEX14,YGL153W
P53114,NUT1,YGL151W
P53115,INO80,YGL150C
P53118,ROG1,YGL144C
P53119,HUL5,YGL141W
P53120,YGL140C,YGL140C
P53121,FLC3,YGL139W
P53124,PCL10,YGL134W
P53125,ITC1,YGL133W
P53127,SNT2,YGL131C
P53128,MET13,YGL125W
P53129,MON1,YGL124C
P53130,GPG1,YGL121C
P53131,PRP43,YGL120C
P53133,YGL117W,YGL117W
P53134,YGL114W,YGL114W
P53135,SLD3,YGL113W
P53136,NSA1,YGL111W
P53137,CUE3,YGL110C
P53139,YGL108C,YGL108C
P53141,MLC1,YGL106W
P53142,VPS73,YGL104C
P53145,LSG1,YGL099W
P53146,USE1,YGL098W
P53148,SPC105,YGL093W
P53150,LIF1,YGL090W
P53152,MMS2,YGL087C
P53155,YGL082W,YGL082W
P53156,YGL081W,YGL081W
P53158,KXD1,YGL079W
P53159,MPS2,YGL075C
P53163,MNP1,YGL068W
P53164,NPY1,YGL067W
P53165,SGF73,YGL066W
P53166,MRH4,YGL064C
P53168,DUO1,YGL061C
P53170,PKP2,YGL059W
P53172,SDS23,YGL056C
P53174,PRM8,YGL053W
P53177,TYW3,YGL050W
P53178,ALG13,YGL047W
P53179,RIM8,YGL045W
P53183,YGL039W,YGL039W
P53184,PNC1,YGL037C
P53185,YGL036W,YGL036W
P53188,CGR1,YGL029W
P53191,PIB2,YGL023C
P53195,COG7,YGL005C
P53196,RPN14,YGL004C
P53197,CDH1,YGL003C
P53200,AML1,YGR001C
P53201,SWC4,YGR002C
P53202,CUL3,YGR003W
P53203,PEX31,YGR004W
P53204,NMA2,YGR010W
P53207,SNU71,YGR013W
P53209,YGR016W,YGR016W
P53210,YGR017W,YGR017W
P53212,HAH1,YGR021W
P53214,MTL1,YGR023W
P53221,RPL26B,YGR034W
P53224,ORM1,YGR038W
P53226,BUD9,YGR041W
P53228,NQM1,YGR043C
P53235,YGR054W,YGR054W
P53236,RSC1,YGR056W
P53238,PEF1,YGR058W
P53241,VHT1,YGR065C
P53243,YGR067C,YGR067C
P53244,ART5,YGR068C
P53246,ENV11,YGR071C
P53250,TWF1,YGR080W
P53251,SLX9,YGR081C
P53252,PIL1,YGR086C
P53253,NNF2,YGR089W
P53254,UTP22,YGR090W
P53255,DRN1,YGR093W
P53256,RRP46,YGR095C
P53258,MDR1,YGR100W
P53261,NOP7,YGR103W
P53264,CLD1,YGR110W
P53265,YGR111W,YGR111W
P53267,DAM1,YGR113W
P53270,YGR117C,YGR117C
P53271,COG2,YGR120C
P53273,YGR125W,YGR125W
P53274,YGR126W,YGR126W
P53275,YGR127W,YGR127W
P53276,UTP8,YGR128C
P53277,SYF2,YGR129W
P53278,YGR130C,YGR130C
P53280,CAF130,YGR134W
P53281,LSB1,YGR136W
P53283,TPO2,YGR138C
P53286,BTN2,YGR142W
P53289,RTS3,YGR161C
P53290,GTR2,YGR163W
P53292,MRPS35,YGR165W
P53294,PUS6,YGR169C
P53295,RBG2,YGR173W
P53296,ATF2,YGR177C
P53297,PBP1,YGR178C
P53298,OKP1,YGR179C
P53299,TIM13,YGR181W
P53301,CRH1,YGR189C
P53303,ZPR1,YGR211W
P53309,YAP1802,YGR241C
P53310,YGR242W,YGR242W
P53312,LSC2,YGR244C
P53313,SDA1,YGR245C
P53314,CPD1,YGR247W
P53315,SOL4,YGR248W
P53316,YGR250C,YGR250C
P53317,NOP19,YGR251W
P53320,MTM1,YGR257C
P53321,YGR259C,YGR259C
P53322,TNA1,YGR260W
P53323,BUD32,YGR262C
P53324,SAY1,YGR263C
P53326,YGR266W,YGR266W
P53327,SLH1,YGR271W
P53330,RTT102,YGR275W
P53331,RNH70,YGR276C
P53332,CAB4,YGR277C
P53333,CWC22,YGR278W
P53335,PXR1,YGR280C
P53336,YGR283C,YGR283C
P53337,ERV29,YGR284C
P53344,COS6,YGR295C
P53388,DIP5,YPL265W
P53389,HOL1,YNR055C
P53397,OGG1,YML060W
P53437,RRN9,YMR270C
P53438,SOK2,YMR016C
P53538,SSU72,YNL222W
P53540,SPC98,YNL126W
P53549,RPT4,YOR259C
P53550,DCP2,YNL118C
P53551,HHO1,YPL127C
P53552,THO2,YNL139C
P53583,MPA43,YNL249C
P53584,YTP1,YNL237W
P53598,LSC1,YOR142W
P53599,SSK2,YNR031C
P53604,MSO1,YNR049C
P53615,NCE103,YNL036W
P53616,SUN4,YNL066W
P53617,NRD1,YNL251C
P53622,COP1,YDL145C
P53628,SNF12,YNR023W
P53629,ARE2,YNR019W
P53632,PAP2,YOL115W
P53633,YIP3,YNL044W
P53685,HST1,YOL068C
P53686,HST2,YPL015C
P53687,HST3,YOR025W
P53691,CPR6,YLR216C
P53718,NRM1,YNR009W
P53719,YNR014W,YNR014W
P53720,SMM1,YNR015W
P53721,RCF2,YNR018W
P53725,MPP6,YNR024W
P53727,BUD17,YNR027W
P53729,YNR029C,YNR029C
P53731,ARC35,YNR035C
P53734,DBP6,YNR038W
P53735,ZRG17,YNR039C
P53739,FPK1,YNR047W
P53741,BRE5,YNR051C
P53742,NOG2,YNR053C
P53743,ESF2,YNR054C
P53745,MNT4,YNR059W
P53747,YNR061C,YNR061C
P53749,YNR063W,YNR063W
P53754,YNR068C,YNR068C
P53755,BSC5,YNR069C
P53769,CWC24,YLR323C
P53829,CAF40,YNL288W
P53830,CUS2,YNL286W
P53832,WSC2,YNL283C
P53834,HCH1,YNL281W
P53836,CAF120,YNL278W
P53838,BOR1,YNL275W
P53839,GOR1,YNL274C
P53840,TOF1,YNL273W
P53843,IST1,YNL265C
P53844,PDR17,YNL264C
P53845,YIF1,YNL263C
P53846,YNL260C,YNL260C
P53847,DSL1,YNL258C
P53848,FOL1,YNL256W
P53849,GIS2,YNL255C
P53850,RTC4,YNL254C
P53851,TEX1,YNL253W
P53852,YNL247W,YNL247W
P53853,VPS75,YNL246W
P53854,CWC25,YNL245C
P53855,ATG2,YNL242W
P53857,YNL234W,YNL234W
P53858,BNI4,YNL233W
P53859,CSL4,YNL232W
P53860,PDR16,YNL231C
P53861,ELA1,YNL230C
P53862,YNL228W,YNL228W
P53863,JJJ1,YNL227C
P53865,CNM67,YNL225C
P53866,SQS1,YNL224C
P53867,ATG4,YNL223W
P53870,YNL193W,YNL193W
P53873,SWT21,YNL187W
P53874,UBP10,YNL186W
P53877,IPI3,YNL182C
P53878,YNL181W,YNL181W
P53879,RHO5,YNL180C
P53882,TDA7,YNL176C
P53883,NOP13,YNL175C
P53885,MDG1,YNL173C
P53886,APC1,YNL172W
P53889,FMP41,YNL168C
P53890,BNI5,YNL166C
P53892,IBD2,YNL164C
P53893,RIA1,YNL163C
P53894,CBK1,YNL161W
P53895,ASI2,YNL159C
P53897,IGO1,YNL157W
P53898,NSG2,YNL156C
P53899,YNL155W,YNL155W
P53901,INN1,YNL152W
P53903,PGA2,YNL149C
P53904,ALF1,YNL148C
P53905,LSM7,YNL147W
P53907,YNL144C,YNL144C
P53909,AAH1,YNL141W
P53911,EAF7,YNL136W
P53912,YNL134C,YNL134C
P53913,FYV6,YNL133C
P53914,KRE33,YNL132W
P53917,FAR11,YNL127W
P53918,ESBP6,YNL125C
P53919,NAF1,YNL124W
Q12449,AHA1,YDR214W
P53920,NMA111,YNL123W
P53923,NCS2,YNL119W
P53924,DMA2,YNL116W
P53925,YNL115C,YNL115C
P53927,NOP15,YNL110C
P53929,YNL108C,YNL108C
P53930,YAF9,YNL107W
P53932,YNL095C,YNL095C
P53935,NST1,YNL091W
P53939,NIS1,YNL078W
P53940,APJ1,YNL077W
P53942,RNH201,YNL072W
P53943,AQR1,YNL065W
P53946,ARP5,YNL059C
P53947,YNL058C,YNL058C
P53949,OCA2,YNL056W
P53950,VAC7,YNL054W
Q99271,NHA1,YLR138W
P53951,COG5,YNL051W
P53952,YNL050C,YNL050C
Q07878,VPS13,YLL040C
P53953,SFB2,YNL049C
P53954,ALG11,YNL048W
P53955,SLM2,YNL047C
P53958,BOP3,YNL042W
P53959,COG6,YNL041C
P53960,YNL040W,YNL040W
P53962,YNL035C,YNL035C
P53965,SIW14,YNL032W
P53968,CRZ1,YNL027W
P53969,SAM50,YNL026W
P53971,FAP1,YNL023C
P53972,YNL022C,YNL022C
P53973,HDA1,YNL021W
P53974,ARK1,YNL020C
P53978,HEF3,YNL014W
P53980,YNL011C,YNL011C
P53981,YNL010W,YNL010W
P53983,ASI3,YNL008C
P54000,SUB1,YMR039C
P54003,SUR7,YML052W
P54005,DIA1,YMR316W
P54072,YLR152C,YLR152C
P54113,ADE16,YLR028C
P54114,ALD3,YMR169C
P54115,ALD6,YPL061W
P54199,MPS1,YDL028C
P54730,UBX4,YMR067C
P54781,ERG5,YMR015C
P54783,ALO1,YML086C
P54784,ORC1,YML065W
P54786,ZDS2,YML109W
P54787,VPS9,YML097C
P54790,ORC3,YLL004W
P54791,ORC4,YPR162C
P54838,DAK1,YML070W
P38109,YBR139W,YBR139W
P54839,ERG13,YML126C
P54857,TGL2,YDR058C
P54858,DOS2,YDR068W
P54860,UFD2,YDL190C
P54861,DNM1,YLL001W
Q06147,LCB5,YLR260W
P54867,SLG1,YOR008C
P54885,PRO2,YOR323C
P54964,REX2,YLR059C
P54999,SMX3,YPR182W
P56508,SNA2,YDR525W-A
P56628,RPL22B,YFL034C-A
P57743,LSM3,YLR438C-A
P57744,TIM8,YJR135W-A
P60010,ACT1,YFL039C
P61830,HHT1,YNL031C
P69771,DID2,YKR035W-A
P69850,DAD3,YBR233W-A
P80210,ADE12,YNL220W
P80428,ARP4,YJL081C
P80667,PEX13,YLR191W
P87108,TIM10,YHR005C-A
P87191,YER119C-A,YER119C-A
P87261,YDR537C,YDR537C
P89102,SEC5,YDR166C
P89105,CTR9,YOL145C
P89886,TMA20,YER007C-A
Q00055,GPD1,YDL022W
Q00245,RHO3,YIL118W
Q00246,RHO4,YKR055W
Q00362,CDC55,YGL190C
Q08412,CUE5,YOR042W
Q00402,NUM1,YDR150W
Q08773,ISW2,YOR304W
Q12096,GNT1,YOR320C
Q00416,SEN1,YLR430W
Q00539,NAM8,YHR086W
Q00578,SSL2,YIL143C
Q00590,YDL213W-A,YDL213W-A
Q00618,BET4,YJL031C
Q00684,CDC14,YFR028C
Q00711,SDH1,YKL148C
Q00764,TPS1,YBR126C
Q00772,SLT2,YHR030C
Q00776,APM1,YPL259C
Q00816,REG1,YDR028C
Q06631,BFR2,YDR299W
Q00873,CYT2,YKL087C
Q00916,SNP1,YIL061C
Q00947,STP1,YDR463W
Q00955,ACC1,YNR016C
Q01080,RPA49,YNL248C
Q01159,CEG1,YGL130W
Q01217,"ARG5,6",YER069W
Q12090,REX3,YLR107W
Q01329,PTA1,YAL043C
P36135,UTH1,YKR042W
Q02932,KAP120,YPL125W
Q01389,BCK1,YJL095W
Q01448,HPC2,YBR215W
Q06685,VIP1,YLR410W
Q01454,CTF4,YPR135W
Q12221,PUF2,YPR042C
Q01476,UBP2,YOR124C
Q01477,UBP3,YER151C
Q01519,COX12,YLR038C
Q01532,LAP3,YNL239W
Q01560,NPL3,YDR432W
Q01574,ACS1,YAL054C
Q01649,CIK1,YMR198W
Q01662,MAP1,YLR244C
Q03212,EAR1,YMR171C
Q01722,GCR2,YNL199C
Q01766,HAL1,YPR005C
Q01846,MDM1,YML104C
Q01852,TIM44,YIL022W
Q01855,RPS15,YOL040C
Q01919,KIN4,YOR233W
Q01939,RPT6,YGL048C
Q01976,YSA1,YBR111C
Q02046,MTD1,YKR080W
Q02100,SKO1,YNL167C
Q02196,MET14,YKL001C
Q02197,MAK10,YEL053C
Q02199,NUP49,YGL172W
Q02201,OSH6,YKR003W
Q02205,MEH1,YKR007W
Q02206,RSC4,YKR008W
Q02208,TOF2,YKR010C
Q02209,YKR011C,YKR011C
Q02256,YVH1,YIR026C
Q12697,YPK9,YOR291W
Q02260,SMD1,YGR074W
Q02326,RPL6A,YML073C
Q02336,ADA2,YDR448W
Q02354,UTP6,YDR449C
Q02455,MLP1,YKR095W
Q03973,HMO1,YDR174W
Q02457,TBF1,YPL128C
Q02486,ABF2,YMR072W
Q02516,HAP5,YOR358W
Q02521,SPP2,YOR148C
Q02554,CUS1,YMR240C
Q02555,RNT1,YMR239C
Q02574,MEC3,YLR288C
Q02606,YPL014W,YPL014W
Q02629,NUP100,YKL068W
Q02630,NUP116,YMR047C
Q02642,EGD1,YPL037C
Q02647,DYN2,YDR424C
Q02648,TRM44,YPL030W
Q02685,RMI1,YPL024W
Q02724,ULP1,YPL020C
Q12019,MDN1,YLR106C
Q02725,VTC3,YPL019C
Q02732,CTF19,YPL018W
Q02749,YPL068C,YPL068C
Q02753,RPL21A,YBR191W
Q02767,VPS28,YPL065W
Q02770,CWC27,YPL064C
Q03516,RSN1,YMR266W
Q02773,RPM2,YML091C
Q02775,SLU7,YDR088C
Q02785,PDR12,YPL058C
Q02792,RAT1,YOR048C
Q02793,SKI8,YGL213C
Q02796,LGE1,YPL055C
Q02799,LEE1,YPL054W
Q02805,ROD1,YOR018W
Q04002,SCC2,YDR180W
Q02821,SRP1,YNL189W
Q02825,SEN54,YPL083C
Q02831,YPL077C,YPL077C
Q02864,YPL071C,YPL071C
Q02866,MUK1,YPL070W
Q02872,YPL108W,YPL108W
Q02875,SYH1,YPL105C
Q04304,YMR090W,YMR090W
Q02884,ELP4,YPL101W
Q02887,ATG21,YPL100W
Q02890,PNG1,YPL096W
Q02891,EEB1,YPL095C
Q02892,NOG1,YPL093W
Q02895,YPL088W,YPL088W
Q3E743,YJR112W-A,YJR112W-A
Q02908,ELP3,YPL086C
Q02931,NAN1,YPL126W
Q02939,TFB2,YPL122C
Q02948,VPS30,YPL120W
Q02950,MRP51,YPL118W
Q02959,HOS3,YPL116W
Q02969,PEX25,YPL112C
Q02979,GDE1,YPL110C
Q02983,RRN5,YLR141W
Q03002,FRK1,YPL141C
Q03010,UME1,YPL139C
Q03012,SPP1,YPL138C
Q03016,GIP3,YPL137C
Q03018,ESP1,YGR098C
Q03036,IRC4,YDR540C
Q03048,COF1,YLL050C
Q03063,DIG1,YPL049C
Q06451,TPO3,YPR156C
Q99312,ISN1,YOR155C
Q03071,ELC1,YPL046C
Q03080,YPL039W,YPL039W
Q04705,PRM6,YML047C
Q03081,MET31,YPL038W
Q03083,YPL034W,YPL034W
Q03088,SVL3,YPL032C
Q03102,YML131W,YML131W
Q03103,ERO1,YML130C
Q03104,MSC1,YML128C
Q03124,RSC9,YML127W
Q03125,NRG1,YDR043C
Q03148,SNZ1,YMR096W
Q03151,MTG1,YMR097C
Q03161,YMR099C,YMR099C
Q03162,MUB1,YMR100W
Q03177,YMR102C,YMR102C
Q03193,YDR090C,YDR090C
Q03195,RLI1,YDR091C
Q03201,RSM10,YDR041W
Q03205,YDR042C,YDR042C
Q03208,YML119W,YML119W
Q03210,NGL3,YML118W
Q12206,WTM2,YOR229W
Q03213,HOT1,YMR172W
Q03214,ECM5,YMR176W
Q03219,YMR178W,YMR178W
Q03231,YMR181C,YMR181C
P07285,TRP4,YDR354W
Q03233,ADD37,YMR184W
Q03254,FCP1,YMR277W
Q03262,PGM3,YMR278W
Q03264,NGL2,YMR285C
Q03280,TOM1,YDR457W
Q03281,HEH2,YDR458C
Q03290,TFB3,YDR460W
Q03305,RMT2,YDR465C
Q04533,YML082W,YML082W
Q03306,PKH3,YDR466W
Q12466,TCB1,YOR086C
Q03308,VPS16,YPL045W
Q03323,SDC1,YDR469W
Q03330,GCN5,YGR252W
Q03337,TRS31,YDR472W
Q03338,PRP3,YDR473C
Q03361,JIP4,YDR475C
Q03370,PEX29,YDR479C
Q03373,DIG2,YDR480W
P53881,MRPL22,YNL177C
Q03375,CWC21,YDR482C
Q06001,FAR10,YLR238W
Q03388,VPS72,YDR485C
Q07657,SHS1,YDL225W
Q03390,VPS60,YDR486C
Q03406,SLD5,YDR489W
Q03407,PKH1,YDR490C
Q06408,ARO10,YDR380W
Q03418,YDR491C,YDR491C
Q03419,IZH1,YDR492W
Q03433,VPS71,YML041C
Q03435,NHP10,YDL002C
Q03441,RMD1,YDL001W
Q03446,RCR2,YDR003W
Q08387,DNL4,YOR005C
Q03455,MSC2,YDR205W
Q03466,EBS1,YDR206W
Q03494,TY2B-DR2,YDR210W-B
Q03496,YMR259C,YMR259C
Q03497,STE20,YHL007C
Q03722,YML020W,YML020W
Q04500,UTP14,YML093W
Q03785,VHS1,YDR247W
P40571,RPR2,YIR015W
Q03525,TMA23,YMR269W
Q03529,SCS7,YMR272C
Q03532,HAS1,YMR290C
Q03533,TDA1,YMR291W
Q05785,ENT2,YLR206W
Q03558,OYE2,YHR179W
Q03559,YMR295C,YMR295C
Q06200,ECM7,YLR443W
Q03579,LIP1,YMR298W
Q03629,YML079W,YML079W
Q03631,WAR1,YML076C
Q03640,TCB3,YML072C
Q12196,RIO1,YOR119C
Q06836,SYT1,YPR095C
Q03648,YMR209C,YMR209C
Q03649,YMR210W,YMR210W
Q03653,EFR3,YMR212C
Q03654,CEF1,YMR213W
Q03656,SKY1,YMR216C
P38838,WSS1,YHR134W
Q08553,SYC1,YOR179C
Q03660,TRS130,YMR218C
Q03661,ESC1,YMR219W
Q07458,RXT3,YDL076C
O13556,YLR462W,YLR462W
P40156,RRG9,YNL213C
Q03674,PLB2,YMR006C
Q03687,YMR010W,YMR010W
Q03690,CLU1,YMR012W
Q03694,INP1,YMR204C
Q04067,TIF35,YDR429C
Q03695,YMR206W,YMR206W
Q03703,YML037C,YML037C
Q03705,CGI121,YML036W
Q03707,SRC1,YML034W
Q03714,USA1,YML029W
Q03718,NSE5,YML023C
Q03730,YML018C,YML018C
Q03735,NAB6,YML117W
Q03750,TAF8,YML114C
Q03758,BUL2,YML111W
Q03761,TAF12,YDR145W
Q08729,DSE3,YOR264W
Q03764,EKI1,YDR147W
Q03768,GIR2,YDR152W
Q03769,ENT5,YDR153C
Q12420,SNU66,YOR308C
Q12199,TIP41,YPR040W
Q03770,SSY1,YDR160W
Q03771,YDR161W,YDR161W
Q03772,CWC15,YDR163W
Q03774,TRM82,YDR165W
Q03776,PRP42,YDR235W
Q03778,FMN1,YDR236C
Q03780,YDR239C,YDR239C
Q03782,SNU56,YDR240C
Q03786,YDR248C,YDR248C
Q03790,NUP53,YMR153W
Q03795,YMR155W,YMR155W
Q03796,TPP1,YMR156C
Q03818,ATG16,YMR159C
Q03823,YMR160W,YMR160W
Q03824,INP2,YMR163C
Q03825,MSS11,YMR164C
Q03833,GIS1,YDR096W
Q03834,MSH6,YDR097C
Q03835,GRX3,YDR098C
Q03860,TVP15,YDR100W
Q03862,ARX1,YDR101C
Q03868,SPO71,YDR104C
Q03880,PKR1,YMR123W
Q03885,YIR017W-A,YIR017W-A
Q03888,YIR020C-B,YIR020C-B
Q03897,MTC5,YDR128W
Q03898,FIN1,YDR130C
Q03900,YDR132C,YDR132C
Q03921,DOP1,YDR141C
Q12386,ARP8,YOR141C
Q03935,YAP6,YDR259C
Q03937,HED1,YDR014W-A
Q03940,RVB1,YDR190C
Q03941,CAB5,YDR196C
Q03942,RKM2,YDR198C
Q03944,VPS64,YDR200C
Q03954,SPC19,YDR201W
Q03957,CTK1,YKL139W
Q03976,RSM24,YDR175C
Q03983,YDR179W-A,YDR179W-A
Q04003,SAS4,YDR181C
Q04004,PLP1,YDR183W
Q04005,ATC1,YDR184C
Q04007,YDR186C,YDR186C
Q99247,YOL087C,YOL087C
Q04013,YHM2,YMR241W
Q04031,RRP17,YDR412W
Q04048,SYF1,YDR416W
Q04049,RAD30,YDR419W
Q04052,ARO80,YDR421W
Q04311,VMS1,YDR049W
Q04053,SNX41,YDR425W
P43122,QRI7,YDL104C
Q04062,RPN9,YDR427W
Q04066,BNA7,YDR428C
Q04087,LRS4,YDR439W
Q04089,DOT1,YDR440W
Q04093,YDR444W,YDR444W
Q07798,SPO75,YLL005C
Q04116,YHP1,YDR451C
Q04121,NHX1,YDR456W
Q07468,VAM6,YDL077C
Q04149,MUS81,YDR386W
Q04162,YDR387C,YDR387C
Q04170,YDR391C,YDR391C
Q04175,SXM1,YDR395W
Q04177,UTP5,YDR398W
Q04178,HPT1,YDR399W
Q04182,PDR15,YDR406W
Q04183,TRS120,YDR407C
Q04195,SIZ1,YDR409W
Q04199,CAC2,YML102W
Q04201,CUE4,YML101C
P40491,FMC1,YIL098C
Q04213,IOC4,YMR044W
Q06449,PIN3,YPR154W
Q04214,TY1B-MR1,YMR045C
Q04216,DLT1,YMR126C
Q04217,ECM16,YMR128W
Q04223,YMR130W,YMR130W
Q04225,RRB1,YMR131C
Q05911,ADE13,YLR359W
Q04226,TAF11,YML015C
Q04228,UBX2,YML013W
Q04233,GIS4,YML006C
Q07963,UBR2,YLR024C
Q04235,TRM12,YML005W
Q04264,PDS5,YMR076C
Q04272,VPS20,YMR077C
Q04279,YMR086W,YMR086W
Q06168,SFH1,YLR321C
Q04305,UTP15,YMR093W
Q04322,GYL1,YMR192W
Q12151,UPC2,YDR213W
Q04336,YMR196W,YMR196W
Q08281,RTC1,YOL138C
Q04338,VTI1,YMR197C
Q04344,HNT1,YDL125C
Q04347,BUD22,YMR014W
Q06494,YPR127W,YPR127W
Q04371,YMR027W,YMR027W
Q08930,YPL191C,YPL191C
Q04372,TAP42,YMR028W
Q12496,YOL098C,YOL098C
Q04373,PUF6,YDR496C
Q04377,LCD1,YDR499W
Q04383,PLM2,YDR501W
Q06512,NOC4,YPR144C
Q04396,LPP1,YDR503C
Q04406,EMI1,YDR512C
Q04408,YDR514C,YDR514C
Q04409,EMI2,YDR516C
Q04410,GRH1,YDR517W
Q04411,URC2,YDR520C
Q08032,CDC45,YLR103C
Q05919,VPS38,YLR360W
Q12277,RRP42,YDL111C
Q04412,AGE1,YDR524C
Q04418,RBA50,YDR527W
Q04429,HLR1,YDR528W
Q04430,CAB1,YDR531W
Q04431,KRE28,YDR532C
Q06680,YCG1,YDR325W
Q04432,HSP31,YDR533C
Q04437,YKU80,YMR106C
Q04438,SPG4,YMR107W
Q04439,MYO5,YMR109W
Q04458,HFD1,YMR110C
Q04461,YMR111C,YMR111C
Q04471,YMR114C,YMR114C
Q04477,SPC24,YMR117C
Q04489,YML096W,YML096W
Q04491,SEC13,YLR208W
Q04493,GIM5,YML094W
Q04511,UFO1,YML088W
Q04545,TDA9,YML081W
Q08234,YOL075C,YOL075C
Q12463,TRM11,YOL124C
Q04585,YDR109C,YDR109C
Q04599,MRPL1,YDR116C
Q04600,TMA64,YDR117C
Q04602,VBA4,YDR119W
Q04603,DPB4,YDR121W
Q04608,YDR124W,YDR124W
Q04629,SWF1,YDR126W
Q04632,COG8,YML071C
Q04636,POB3,YML069W
P30775,MRF1,YGL143C
Q04638,ITT1,YML068W
Q04658,SMA2,YML066C
Q04659,CSM3,YMR048W
Q04660,ERB1,YMR049C
Q04673,SSL1,YLR005W
Q04693,RSE1,YML049C
Q04697,GSF2,YML048W
Q04728,ARG7,YMR062C
Q04734,RIM9,YMR063W
Q04739,GAL83,YER027C
Q04748,SOV1,YMR066W
Q04749,AVO2,YMR068W
Q04751,NAT4,YMR069W
Q04767,TVP18,YMR071C
Q04772,IRC21,YMR073C
Q04773,YMR074C,YMR074C
Q04779,RCO1,YMR075W
P47011,GLG2,YJL137C
Q05899,YLR297W,YLR297W
Q04781,RKR1,YMR247C
P35206,CSG2,YBR036C
Q04792,GAD1,YMR250W
Q04835,YMR253C,YMR253C
Q04839,GFD1,YMR255W
Q04847,ROY1,YMR258C
Q04867,YMR310C,YMR310C
Q04868,ELP6,YMR312W
Q04869,YMR315W,YMR315W
Q04894,ADH6,YMR318C
Q04922,MFB1,YDR219C
Q92325,LAG2,YOL025W
Q04925,YDR222W,YDR222W
Q04930,CRF1,YDR223W
Q04934,IVY1,YDR229W
Q05080,HOF1,YMR032W
Q04935,COX20,YDR231C
Q04947,RTN1,YDR233C
Q04949,DYN3,YMR299C
Q04951,SCW10,YMR305C
Q04952,FKS3,YMR306W
Q04958,NTE1,YML059C
Q05670,FUS2,YMR232W
Q04964,SML1,YML058W
Q03508,YMR265C,YMR265C
Q04978,YML053C,YML053C
Q04991,FMP42,YMR221C
Q12680,GLT1,YDL171C
P36170,FLO10,YKR102W
Q03236,YMR187C,YMR187C
Q05016,YMR226C,YMR226C
Q05021,TAF7,YMR227C
Q05022,RRP5,YMR229C
Q05024,TRI1,YMR233W
Q05027,TAF9,YMR236W
Q05029,BCH1,YMR237W
Q05040,FAR8,YMR029C
Q08236,AVO1,YOL078W
Q05043,RSF1,YMR030W
Q05050,EIS1,YMR031C
P47014,YJL132W,YJL132W
Q12433,AHC1,YOR023C
P07884,MOD5,YOR274W
Q05123,ARP9,YMR033W
Q05131,YMR034C,YMR034C
Q05166,ASM4,YDL088C
Q05468,YDR333C,YDR333C
Q05471,SWR1,YDR334W
Q05497,YDR338C,YDR338C
Q05503,YDR340W,YDR340W
Q05506,YDR341C,YDR341C
Q05515,SVF1,YDR346C
Q05518,PAL1,YDR348C
P40472,SIM1,YIL123W
Q12416,WHI5,YOR083W
Q05521,DPP1,YDR284C
Q05533,INM2,YDR287W
Q05541,NSE3,YDR288W
Q05543,RTT103,YDR289C
Q05549,HRQ1,YDR291W
Q05567,DPL1,YDR294C
Q05568,PEX10,YDR265W
Q05580,YDR266C,YDR266C
Q05584,GLO2,YDR272W
Q05610,DON1,YDR273W
Q12044,RCN2,YOR220W
Q05611,BSC2,YDR275W
Q05635,RNH202,YDR279W
Q05672,RBS1,YDL189W
Q05775,HCR1,YLR192C
Q05778,PBA1,YLR199C
Q05779,COQ9,YLR201C
Q06479,YLR352W,YLR352W
Q05788,PNP1,YLR209C
Q05789,YLR211C,YLR211C
Q05791,CDC123,YLR215C
Q08001,YLR072W,YLR072W
Q06315,SKG3,YLR187W
Q05809,COA4,YLR218C
Q05812,MSC3,YLR219W
P46956,PHO86,YJL117W
P47026,GWT1,YJL091C
Q08968,FMP40,YPL222W
Q05854,YLR278C,YLR278C
Q05874,NNT1,YLR285W
Q05881,YLR287C,YLR287C
Q05900,YHC1,YLR298C
Q05905,HRI1,YLR301W
Q05933,ARC18,YLR370C
Q05934,VID22,YLR373C
Q05937,STP3,YLR375W
Q05942,RSA3,YLR221C
Q05946,UTP13,YLR222C
Q05948,YLR225C,YLR225C
Q99216,PNO1,YOR145C
Q05949,BUR2,YLR226W
Q05955,ADY4,YLR227C
Q05958,ECM22,YLR228C
Q12132,USV1,YPL230W
P43555,EMP47,YFL048C
Q05979,BNA5,YLR231C
Q05998,THI7,YLR237W
Q06010,STE23,YLR389C
Q06053,DUS3,YLR401C
Q06063,DUS4,YLR405W
Q06070,YLR407W,YLR407W
Q06071,BLS1,YLR408C
Q06078,UTP21,YLR409C
Q06096,COG4,YPR105C
Q06098,ISR1,YPR106W
Q06102,YTH1,YPR107C
Q06103,RPN7,YPR108W
Q12276,HER1,YOR227W
Q06106,MRD1,YPR112C
Q06108,RGC1,YPR115W
P25353,NPP1,YCR026C
Q06686,CTR3,YLR411W
Q06116,YPR117W,YPR117W
Q06132,SGD1,YLR336C
Q06135,GAS2,YLR343W
Q06137,YLR345W,YLR345W
Q3E7B3,YPR108W-A,YPR108W-A
Q06142,KAP95,YLR347C
Q06144,ORM2,YLR350W
Q06146,YLR257W,YLR257W
Q99296,YLR149C,YLR149C
P07267,PEP4,YPL154C
Q06148,NEJ1,YLR265C
Q06149,PDR8,YLR266C
Q06150,BOP2,YLR267W
Q06151,DCS1,YLR270W
Q06152,YLR271W,YLR271W
Q06156,YCS4,YLR272C
Q06159,YLR312C,YLR312C
Q06160,SPH1,YLR313C
Q06162,NKP2,YLR315W
Q06163,EST2,YLR318W
Q06164,MMS22,YLR320W
Q06169,PEX30,YLR324W
Q06170,YLR326W,YLR326W
Q06177,TMA10,YLR327C
Q06178,NMA1,YLR328W
Q06179,FMP27,YLR454W
Q06188,YLR455W,YLR455W
Q12128,BAG7,YOR134W
Q06201,GMC2,YLR445W
Q06205,FPR4,YLR449W
Q12516,SRF1,YDL133W
Q06211,MMS1,YPR164W
Q06213,NUT2,YPR168W
Q06216,PIG1,YLR273C
Q06217,SMD2,YLR275W
Q06218,DBP9,YLR276C
Q06224,YSH1,YLR277C
Q06245,SEC10,YLR166C
Q12263,GIN4,YDR507C
Q06247,YLR173W,YLR173W
Q06251,YLR177W,YLR177W
Q06252,YLR179C,YLR179C
Q06263,VTA1,YLR181C
Q06266,TOS4,YLR183C
Q06287,EMG1,YLR186W
Q08220,GSH2,YOL049W
Q06321,ATG26,YLR189C
Q06324,MMR1,YLR190W
Q06328,YDR352W,YDR352W
Q06333,CLN1,YDR357C
Q06336,GGA1,YDR358W
Q06337,EAF1,YDR359C
Q06338,BCP1,YDR361C
Q06339,TFC6,YDR362C
Q06340,ESC2,YDR363W
P43544,SNO3,YFL060C
Q06344,ESF1,YDR365C
Q06349,YDR370C,YDR370C
Q06385,VPS74,YDR372C
Q06389,FRQ1,YDR373W
Q06406,LSM6,YDR378C
Q06407,RGA2,YDR379W
Q08949,DDC1,YPL194W
P0CE69,YKR104W,YKR104W
P38816,TRR2,YHR106W
Q99188,RGS2,YOR107W
Q06409,YLR422W,YLR422W
Q06411,SPP382,YLR424W
Q06412,TUS1,YLR425W
Q12168,ACF2,YLR144C
Q06417,TDA5,YLR426W
Q06436,MAG2,YLR427W
Q06440,CRN1,YLR429W
Q12510,YDL156W,YDL156W
P53378,TUB4,YLR212C
Q06485,ATG33,YLR356W
Q06488,RSC2,YLR357W
Q12325,SUL2,YLR092W
Q06489,MRI1,YPR118W
Q06493,YLH47,YPR125W
Q06497,ANT1,YPR128C
Q06504,NAT3,YPR131C
Q06505,SPN1,YPR133C
Q06506,RRP9,YPR137W
Q06511,RRP15,YPR143W
Q06523,YPR148C,YPR148C
Q06525,URN1,YPR152C
Q06538,YLR241W,YLR241W
Q06549,CDD1,YLR245C
Q06551,ERF2,YLR246W
Q06554,IRC20,YLR247C
P09932,HO,YDL227C
Q92331,VPS5,YOR069W
Q06580,MLC2,YPR188C
Q06592,HPA2,YPR193C
Q06594,YPR195C,YPR195C
P33311,MDL2,YPL270W
Q06595,YPR196W,YPR196W
P25653,FIG2,YCR089W
Q06598,ARR3,YPR201W
Q06604,BSP1,YPR171W
Q06608,YPR172W,YPR172W
Q06616,YPR174C,YPR174C
Q06623,HDA3,YPR179C
Q06624,AOS1,YPR180W
Q06625,GDB1,YPR184W
Q06628,ATG13,YPR185W
P38971,ALP1,YNL270C
Q08245,ZEO1,YOL109W
Q06629,HDA2,YDR295C
Q06630,MHR1,YDR296W
Q06636,GPI11,YDR302W
Q12743,DFM1,YDR411C
Q06639,RSC3,YDR303C
Q06640,YDR306C,YDR306C
Q06644,PMT7,YDR307W
Q06648,GIC2,YDR309C
Q08887,NDD1,YOR372C
Q12453,CEX1,YOR112W
Q06651,PIB1,YDR313C
Q06665,RAD34,YDR314C
Q06671,ATG23,YLR431C
Q06672,TSR2,YLR435W
Q06673,ECM30,YLR436C
P25580,PBN1,YCL052C
P25565,YCL002C,YCL002C
Q06674,HIM1,YDR317W
Q06675,MCM21,YDR318W
Q06677,SWA2,YDR320C
P36134,YKR041W,YKR041W
Q06679,UTP4,YDR324C
Q04472,MGR3,YMR115W
Q06681,YSP2,YDR326C
Q06682,UBX5,YDR330W
Q12271,INP53,YOR109W
Q06688,BER1,YLR412W
Q06689,YLR413W,YLR413W
Q06696,VPS36,YLR417W
Q06697,CDC73,YLR418C
Q12152,YPL150W,YPL150W
P47977,TIS11,YLR136C
Q06698,YLR419W,YLR419W
Q06704,IMH1,YLR309C
P39007,STT3,YGL022W
Q04601,APC4,YDR118W
Q12018,CDC53,YDL132W
Q12052,TGS1,YPL157W
Q06705,CSR1,YLR380W
Q06706,IKI3,YLR384C
Q06708,VAC14,YLR386W
Q06709,REH1,YLR387C
Q06810,OPY2,YPR075C
Q06815,MRL1,YPR079W
Q06817,GRS2,YPR081C
Q06820,MDM36,YPR083W
Q06821,YPR084W,YPR084W
Q06822,ASA1,YPR085C
Q06833,YPR091C,YPR091C
Q06835,RDS3,YPR094W
Q06839,YPR097W,YPR097W
Q06891,RAF1,R0030W
Q06892,POS5,YPL188W
Q07084,SSK1,YLR006C
Q04368,CSI1,YMR025W
Q12511,PTC5,YOR090C
Q07350,PRP11,YDL043C
Q07351,STP4,YDL048C
Q07362,PBP4,YDL053C
Q07376,MCH1,YDL054C
Q07381,TSR1,YDL060W
Q07395,SYO1,YDL063C
Q07418,PEX19,YDL065C
Q07442,BDF2,YDL070W
Q07451,YET3,YDL072C
Q07454,YDL073W,YDL073W
Q07457,BRE1,YDL074C
Q07471,THI3,YDL080C
Q07478,SUB2,YDL084W
Q07505,YDL086W,YDL086W
Q07527,TRM3,YDL112W
Q07528,ATG20,YDL113C
Q12292,ATG34,YOL083W
P38360,PCA1,YBR295W
Q07530,YDL114W,YDL114W
Q07532,IWR1,YDL115C
Q04436,YMR103C,YMR103C
Q07533,CYK3,YDL117W
Q07534,YDL119C,YDL119C
Q07540,YFH1,YDL120W
Q07541,YDL121C,YDL121C
Q07549,SNA4,YDL123W
Q07551,YDL124W,YDL124W
Q07555,YDL129W,YDL129W
Q07622,ACK1,YDL203C
Q07623,NOP6,YDL213C
Q07651,FMP45,YDL222C
Q3E740,YGL258W-A,YGL258W-A
P53093,YIP4,YGL198W
Q07653,HBT1,YDL223C
Q04110,ECM11,YDR446W
Q07655,WHI4,YDL224C
Q03322,TLG1,YDR468C
P43591,YFH7,YFR007W
O13553,YLR317W,YLR317W
Q07660,BRE4,YDL231C
Q07684,YDL233W,YDL233W
Q07688,YPD1,YDL235C
Q07729,GUD1,YDL238C
P53154,GUP1,YGL084C
Q07791,TY2B-DR3,YDR261W-B
Q07799,YLL007C,YLL007C
Q07800,PSR1,YLL010C
Q07804,YEH1,YLL012W
Q07807,PUF3,YLL013C
Q07824,TPO1,YLL028W
Q07825,FRA1,YLL029W
Q07834,YLL032C,YLL032C
Q07844,RIX7,YLL034C
Q07845,GRC3,YLL035W
Q07872,ENT4,YLL038C
Q07990,YLR042C,YLR042C
Q07895,YLR001C,YLR001C
Q07896,NOC3,YLR002C
Q07897,CMS1,YLR003C
Q07904,THI73,YLR004C
Q07913,NSE1,YLR007W
Q07915,RLP24,YLR009W
Q07938,MEU1,YLR017W
Q07949,PSR2,YLR019W
Q07950,YEH2,YLR020C
Q07959,IZH3,YLR023C
Q07978,YLR031W,YLR031W
Q07979,RSC58,YLR033W
Q07980,MLH2,YLR035C
Q07988,YLR040C,YLR040C
Q07993,XYL2,YLR070C
Q08004,BUD20,YLR074C
Q08054,CSI2,YOL007C
Q08096,RCL1,YOL010W
Q08108,PLB3,YOL011W
Q08109,HRD1,YOL013C
Q08118,IRC10,YOL015W
Q08119,ESC8,YOL017W
Q08144,TLG2,YOL018C
Q08157,YOL019W,YOL019W
Q08162,DIS3,YOL021C
Q08179,MDM38,YOL027C
Q08182,YAP7,YOL028C
Q08199,SIL1,YOL031C
Q08202,OPI10,YOL032W
Q08204,SMC5,YOL034W
Q08206,YOL036W,YOL036W
Q08208,NOP12,YOL041C
Q08215,PEX15,YOL044W
Q08217,PSK2,YOL045W
Q08225,YOL057W,YOL057W
Q08226,CRT10,YOL063C
Q08227,INP54,YOL065C
Q08229,NBA1,YOL070C
Q08230,EMI5,YOL071W
Q08232,YOL073C,YOL073C
Q08235,BRX1,YOL077C
Q08237,REX4,YOL080C
Q08268,MCH4,YOL119C
Q08269,ALR1,YOL130W
Q08273,HRT1,YOL133W
Q08278,MED7,YOL135C
Q08280,BSC6,YOL137W
Q08282,PPM2,YOL141W
Q08285,RRP40,YOL142W
Q08287,NOP8,YOL144W
Q08299,ENB1,YOL158C
Q08321,YOL160W,YOL160W
Q08347,BDS1,YOL164W
Q08416,IRC23,YOR044W
Q08421,ETT1,YOR051C
Q08422,YOR052C,YOR052C
Q08438,VHS3,YOR054C
Q08444,NOB1,YOR056C
Q08446,SGT1,YOR057W
Q08465,YNG1,YOR064C
Q08471,MSA1,YOR066W
Q08484,GYP1,YOR070C
Q08485,NRT1,YOR071C
Q08490,SGO1,YOR073W
Q08491,SKI7,YOR076C
Q08492,BUD21,YOR078W
Q08496,DIA2,YOR080W
Q08504,YOR105W,YOR105W
Q08548,ALE1,YOR175C
Q08550,MPC54,YOR177C
Q08559,FYV12,YOR183W
Q08561,IES4,YOR189W
Q08562,ULS1,YOR191W
Q08580,PEX27,YOR193W
Q08581,SLK19,YOR195W
Q08601,MCA1,YOR197W
Q08634,YOR238W,YOR238W
Q08641,ABP140,YOR239W
Q08645,MET7,YOR241W
Q08646,SSP2,YOR242C
Q08647,PUS7,YOR243C
Q08649,ESA1,YOR244W
Q08650,DGA1,YOR245C
Q08685,CLP1,YOR250C
Q08686,TUM1,YOR251C
Q08687,TMA16,YOR252W
Q08693,TRE2,YOR256C
Q08723,RPN8,YOR261C
Q08732,HRK1,YOR267C
Q08741,YOR282W,YOR282W
Q08742,RDL2,YOR286W
Q08743,YOR292C,YOR292C
Q08746,RRS1,YOR294W
Q08747,UAF30,YOR295W
Q08748,YOR296W,YOR296W
Q08750,MUM3,YOR298W
Q08754,BUD7,YOR299W
Q08756,YOR300W,YOR300W
Q08760,RAX1,YOR301W
Q08774,RRG7,YOR305W
Q08811,YOR345C,YOR345C
Q08816,YOR352W,YOR352W
Q08817,SOG2,YOR353C
Q08818,MSC6,YOR354C
Q08826,SNX3,YOR357C
Q08831,VTS1,YOR359W
Q08844,YOR365C,YOR365C
Q08873,SCP1,YOR367W
Q08886,GPB1,YOR371C
Q08903,YOR379C,YOR379C
Q08904,RDR1,YOR380W
Q08906,FIT2,YOR382W
Q08909,YOR385W,YOR385W
Q08920,CBC2,YPL178W
Q08921,TCO89,YPL180W
Q08923,CTI6,YPL181W
Q08925,MRN1,YPL184C
Q08926,UIP4,YPL186C
Q08929,GUP2,YPL189W
Q08931,PRM3,YPL192C
Q08932,RSA1,YPL193W
Q08951,APL5,YPL195W
Q08952,OXR1,YPL196W
Q08954,YPL199C,YPL199C
Q08955,CSM4,YPL200W
Q08957,AFT2,YPL202C
Q08960,TYW1,YPL207W
Q08961,RKM1,YPL208W
Q08962,NIP7,YPL211W
Q08963,LEA1,YPL213W
Q08964,YPL216W,YPL216W
Q08965,BMS1,YPL217C
Q08966,PCL8,YPL219W
Q08967,FLC1,YPL221W
Q08971,YPL225W,YPL225W
Q08972,NEW1,YPL226W
Q08977,YPL260W,YPL260W
Q08979,KEL3,YPL263C
Q08981,ACM1,YPL267W
Q08984,YPL272C,YPL272C
Q08985,SAM4,YPL273W
Q08986,SAM3,YPL274W
Q10740,LAP2,YNL045W
Q12000,TMA46,YOR091W
Q12003,ENV7,YPL236C
Q12006,PFA4,YOL003C
Q12008,GPM2,YDL021W
Q12009,TRM8,YDL201W
Q12010,YOL092W,YOL092W
Q12012,YOR289W,YOR289W
Q12013,AKR2,YOR034C
Q12015,YOR223W,YOR223W
Q12016,VPS68,YOL129W
Q12017,PLP2,YOR281C
Q12020,SRL2,YLR082C
Q12024,YTM1,YOR272W
Q12027,YDL176W,YDL176W
Q12028,APL4,YPR029C
Q12030,TAF10,YDR167W
Q12031,ICL2,YPR006C
Q12032,AIM41,YOR215C
Q12034,SLF1,YDR515W
Q12035,FCF2,YLR051C
Q12038,SRO7,YPR032W
Q12040,YOR283W,YOR283W
Q12043,TGL5,YOR081C
Q12045,VIK1,YPL253C
Q12046,CWC2,YDL209C
Q12048,ICY2,YPL250C
Q12049,THP3,YPR045C
Q12050,ELG1,YOR144C
Q12051,BTS1,YPL069C
Q12055,FAP7,YDL166C
Q12057,PIN2,YOR104W
Q12060,HFI1,YPL254W
Q12063,NUS1,YDL193W
Q12066,NUR1,YDL089W
Q12067,ATX2,YOR079C
Q12068,GRE2,YOL151W
Q12069,PUS9,YDL036C
Q12071,VPS54,YDR027C
Q12072,IOC2,YLR095C
Q12074,SPE3,YPR069C
Q12078,SMF3,YLR034C
Q12080,NOP53,YPL146C
Q12084,DAS2,YDR020C
Q12091,DAP1,YPL170W
Q12092,ATG29,YPL166W
Q12094,TSR3,YOR006C
Q12098,SLX4,YLR135W
Q12099,FAL1,YDR021W
Q12100,RTK1,YDL025C
Q12102,CFT2,YLR115W
Q12103,YDL109C,YDL109C
Q12104,SWT1,YOR166C
Q12107,APC9,YLR102C
Q12108,RTC5,YOR118W
Q12109,WRS1,YOL097C
Q12110,YLR049C,YLR049C
Q12113,TY2B-OR1,YOR192C-B
Q12114,CHS5,YLR330W
Q12116,TMS1,YDR105C
Q12117,MRH1,YDR033W
Q12118,SGT2,YOR007C
Q12121,YDL211C,YDL211C
Q12122,LYS21,YDL131W
Q12123,DCS2,YOR173W
Q12124,MED2,YDL005C
Q12129,NMD4,YLR363C
Q12136,SAS10,YDL153C
Q12139,YPR022C,YPR022C
Q12142,ATG9,YDL149W
Q12143,NSL1,YPL233W
Q12145,YPR013C,YPR013C
Q12149,RRP6,YOR001W
Q12150,CSF1,YLR087C
Q12153,SSF2,YDR312W
Q12156,AIM7,YDR063W
Q12157,APC11,YDL008W
Q12158,MCD1,YDL003W
Q12159,YRA1,YDR381W
Q12161,PSH1,YOL054W
Q12163,NBP2,YDR162C
Q12164,POM33,YLL023C
Q12166,LEU9,YOR108W
Q12171,MDM32,YOR147W
Q12172,YRR1,YOR162C
Q12175,MSH5,YDL154W
Q12176,MAK21,YDR060W
Q12177,YLL056C,YLL056C
Q12180,HAL9,YOL089C
Q12181,TAH18,YPR048W
Q12182,YOR342C,YOR342C
Q12184,YAH1,YPL252C
Q12186,MSL5,YLR116W
Q12188,REC8,YPR007C
Q12191,BUG1,YDL099W
Q12192,RFM1,YOR279C
Q12194,YPL066W,YPL066W
Q12198,YLL058W,YLL058W
Q12200,NCR1,YPL006W
Q12207,NCE102,YPR149W
Q12208,USB1,YLR132C
Q12209,FRE8,YLR047C
Q12211,PUS1,YPL212C
Q12212,SIA1,YOR137C
Q12213,RPL7B,YPL198W
Q12214,HOS1,YPR068C
Q12215,WSC3,YOL105C
Q12216,NFI1,YOR156C
Q12220,DIP2,YLR129W
Q12222,YGK3,YOL128C
Q12224,RLM1,YPL089C
Q12229,UBX3,YDL091C
Q12230,LSP1,YPL004C
Q12234,RUD3,YOR216C
Q12235,YCT1,YLL055W
Q12236,PKH2,YOL100W
Q12240,YDR215C,YDR215C
Q12241,VAM3,YOR106W
Q12242,RUP1,YOR138C
Q12244,YLL054C,YLL054C
Q12246,LCB4,YOR171C
Q12248,DAD1,YDR016C
Q12250,RPN5,YDL147W
Q12255,NYV1,YLR093C
Q12256,TPO4,YOR273C
Q12257,YDL177C,YDL177C
Q12259,YLR108C,YLR108C
Q12265,PRS5,YOL061W
Q12267,SMC4,YLR086W
Q12270,RBD2,YPL246C
Q12272,TPT1,YOL102C
Q12275,YOR093C,YOR093C
Q12280,IQG1,YPL242C
Q12285,MDY2,YOL111C
Q12286,SUT2,YPR009W
Q12289,CRC1,YOR100C
Q12291,YLR063W,YLR063W
Q12296,MAM3,YOL060C
Q12297,TAF3,YPL011C
Q12300,RGT2,YDL138W
Q12301,YDL180W,YDL180W
Q12305,RDL1,YOR285W
Q12306,SMT3,YDR510W
Q12311,NTO1,YPR031W
Q12314,YOR021C,YOR021C
Q12315,GLE1,YDL207W
Q12317,MSB4,YOL112W
Q12318,PSY3,YLR376C
Q12320,GLO4,YOR040W
Q12321,MED1,YPR070W
Q12324,YVC1,YOR087W
Q12326,GPM3,YOL056W
Q12329,HSP42,YDR171W
Q12334,SCM3,YDL139C
Q12335,PST2,YDR032C
Q12337,TY2B-GR1,YGR038C-D/YGR038C-C
Q12338,RNH203,YLR154C
Q12339,UTP23,YOR004W
Q12340,YRM1,YOR172W
Q12341,HAT1,YPL001W
Q12342,LDB17,YDL146W
Q12343,MED4,YOR174W
Q12344,GYP5,YPL249C
Q12345,IES3,YLR052W
Q12347,HRT3,YLR097C
Q12348,RRI2,YOL117W
Q12354,YLR118C,YLR118C
Q12355,PST1,YDR055W
Q12358,JLP1,YLL057C
Q12359,ATO3,YDR384C
Q12361,GPR1,YDL035C
Q12362,RIB2,YOL066C
Q12363,WTM1,YOR230W
Q12365,BBP1,YPL255W
Q12367,RKM5,YLR137W
Q12369,SFI1,YLL003W
Q12372,MMP1,YLL061W
Q12373,HIF1,YLL022C
Q12374,NCA2,YPR155C
Q12375,ORT1,YOR130C
Q12377,RPN6,YDL097C
Q12378,RTR2,YDR066C
Q12379,SWM1,YDR260C
Q12382,DGK1,YOR311C
Q12383,TRM13,YOL125W
Q12389,DBP10,YDL031W
Q12392,TY2A-DR1,YDR034C-C
Q12395,DCN1,YLR128W
Q12396,EMP46,YLR080W
Q12398,HMS1,YOR032C
Q12400,TRM10,YOL093W
Q12402,YOP1,YPR028W
Q12406,ARP7,YPR034W
Q12407,YDL199C,YDL199C
Q12411,SPO21,YOL091W
Q12412,PNS1,YOR161C
Q12415,TFC7,YOR110W
Q12417,PRP46,YPL151C
Q12418,GIS3,YLR094C
Q12421,CIS1,YDR022C
Q12424,YDL206W,YDL206W
Q12427,STB3,YDR169C
Q12428,PDH1,YPR002W
Q12429,YLR143W,YLR143W
Q12432,EAF3,YPR023C
Q12434,RDI1,YDL135C
Q12436,ZRT2,YLR130C
Q12440,APC2,YLR127C
Q12442,IZH2,YOL002C
Q12443,RTN2,YDL204W
Q12445,POM34,YLR018C
Q12446,LAS17,YOR181W
Q12447,PAA1,YDR071C
Q12451,OSH2,YDL019C
Q12452,ERG27,YLR100W
Q12454,OCA6,YDR067C
Q12455,SPE4,YLR146C
Q12457,YDR026C,YDR026C
Q12458,YPR1,YDR368W
Q12460,NOP56,YLR197W
Q12461,RRD2,YPL152W
Q12462,PEX11,YOL147C
Q12464,RVB2,YPL235W
Q12465,RAX2,YLR084C
Q12467,YPL168W,YPL168W
Q12468,RRI1,YDL216C
Q12469,SKM1,YOL113W
Q12471,PFK27,YOL136C
Q12472,TY2B-DR1,YDR034C-D
Q12473,FRE6,YLL051C
Q12476,AIR2,YDL175C
Q12480,AIM45,YPR004C
Q12481,RRP36,YOR287C
Q12483,SNF8,YPL002C
Q12488,PSF1,YDR013W
Q12489,YDL012C,YDL012C
Q12493,NKP1,YDR383C
Q12494,KCS1,YDR017C
Q12495,RLF2,YPR018W
Q12498,PRM4,YPL156C
Q12499,NOP58,YOR310C
Q12500,AVL9,YLR114C
Q12502,LDB19,YOR322C
Q12504,RKM4,YDR257C
Q12505,SKS1,YPL026C
Q12507,SFG1,YOR315W
Q12509,ARP6,YLR085C
Q12513,TMA17,YDL110C
Q12514,NOT5,YPR072W
Q12515,PAR32,YDL173W
Q12517,DCP1,YOL149W
Q12518,ENT1,YDL161W
Q12522,TIF6,YPR016C
Q12523,YPL247C,YPL247C
Q12524,PCD1,YLR151C
Q12525,MHT1,YLL062C
Q12527,ATG11,YPR049C
Q12532,TAE2,YPL009C
Q12674,DNF3,YMR162C
Q12675,DNF2,YDR093W
Q12676,FOL3,YMR113W
Q12690,RPL13A,YDL082W
Q12692,HTZ1,YOL012C
Q12734,CSR2,YPR030W
Q12749,SMC6,YLR383W
Q12751,YMR185W,YMR185W
Q12753,HAA1,YPR008W
Q12754,RRP12,YPL012W
Q2V2P0,YPR145C-A,YPR145C-A
Q2V2P7,YDR461C-A,YDR461C-A
Q2V2Q1,ADF1,YCL058W-A
Q3E705,EFG1,YGR271C-A
Q3E747,YLR363W-A,YLR363W-A
Q3E752,YPR036W-A,YPR036W-A
Q3E757,RPL11B,YGR085C
Q3E762,YBR230W-A,YBR230W-A
Q3E764,TMA7,YLR262C-A
Q3E772,YGR169C-A,YGR169C-A
Q3E784,SLO1,YER180C-A
Q3E792,RPS25A,YGR027C
Q3E793,YAL044W-A,YAL044W-A
Q3E795,YLR361C-A,YLR361C-A
Q3E798,YLR099W-A,YLR099W-A
Q3E7A3,YJL133C-A,YJL133C-A
Q3E7A7,YKL018C-A,YKL018C-A
Q3E7B7,YDL085C-A,YDL085C-A
Q3E7X9,RPS28A,YOR167C
Q3E7Z5,YIL002W-A,YIL002W-A
Q3E824,YOR020W-A,YOR020W-A
Q3E829,YDL160C-A,YDL160C-A
Q3E830,YCR075W-A,YCR075W-A
Q3E833,PCC1,YKR095W-A
Q3E834,YOS1,YER074W-A
Q3E835,YOL086W-A,YOL086W-A
Q3E841,YNR034W-A,YNR034W-A
Q6B0R2,YMR193C-A,YMR193C-A
Q6B0Y8,YML012C-A,YML012C-A
Q6Q547,NOP10,YHR072W-A
Q6Q595,SCS22,YBL091C-A
Q6Q5K6,HUG1,YML058W-A
Q8J0M4,YCL012C,YCL012C
Q8TGK8,YPR160C-A,YPR160C-A
Q8TGP8,YDL086C-A,YDL086C-A
Q92316,OST5,YGL226C-A
Q92317,NCB2,YDR397C
Q92328,MDM12,YOL009C
Q96VH4,HBN1,YCL026C-B
Q96VH5,MOS1,YCL057C-A
Q99176,SRN2,YLR119W
Q99186,APM4,YOL062C
Q99189,MTR10,YOR160W
Q99207,NOP14,YDL148C
Q99210,YOR111W,YOR111W
Q99220,YOS9,YDR057W
Q99222,AFI1,YOR129C
Q99231,TY1B-DR3,YDR210C-D
Q99234,DFG16,YOR030W
Q99248,YOR019W,YOR019W
Q99252,ECM3,YOR092W
Q99257,MEX67,YPL169C
Q99258,RIB3,YDR487C
Q99260,YPT6,YLR262C
P26188,MGT1,YDL200C
Q99287,SEY1,YOR165W
Q99288,DET1,YDR051C
Q2V2P6,YGL194C-A,YGL194C-A
Q99299,AIM44,YPL158C
Q06632,CFT1,YDR301W
Q99314,SAS5,YOR213C
Q99315,TY3B-G,YGR109W-B
Q99316,MPD2,YOL088C
Q99321,DDP1,YOR163W
Q99326,YOR338W,YOR338W
Q99332,FRT1,YOR324C
Q99337,TY1B-NL2,YNL054W-B
Q04526,YML083C,YML083C
Q99344,UBA3,YPR066W
Q99359,RAD61,YDR014W
Q99369,FSH3,YOR280C
Q99373,PET20,YPL159C
Q99383,HRP1,YOL123W
Q99385,VCX1,YDL128W
Q99393,IZH4,YOL101C
Q99394,TRS33,YOR115C
Q99395,YPL229W,YPL229W
Q9P305,IGO2,YHR132W-A
Q9URQ5,HTL1,YCR020W-B
