Chain,Residue
AA,2
AA,6
AA,10
AA,22
AA,36
AA,53
AA,78
AA,80
AA,93
AA,96
AA,103
AA,112
AA,137
AA,138
AA,175
AA,192
AA,219
AA,220
AA,233
AA,240
AB,18
AB,26
AB,34
AB,42
AB,53
AB,79
AB,83
AB,87
AB,97
AB,104
AB,125
AB,129
AB,160
AB,170
AB,195
AC,7
AC,8
AC,11
AC,12
AC,13
AC,14
AC,19
AC,22
AC,43
AC,46
AC,50
AC,95
AC,111
AC,114
AC,130
AC,145
AC,152
AC,161
AC,162
AC,184
AD,54
AD,78
AD,80
AD,81
AD,82
AD,95
AD,103
AD,115
AD,120
AD,121
AD,149
AD,166
AD,182
AD,184
AD,217
AD,237
AE,2
AE,51
AE,71
AE,96
AE,117
AE,146
AE,153
AE,156
AE,158
AE,159
AE,166
AE,176
AE,197
AE,206
AE,210
AE,221
AE,226
AE,238
AE,243
AE,244
AE,248
AF,27
AF,38
AF,47
AF,57
AF,73
AF,77
AF,138
AF,146
AF,147
AF,163
AF,189
AF,205
AF,206
AF,207
AF,209
AF,223
AH,5
AH,20
AH,46
AH,52
AH,58
AH,76
AH,90
AH,105
AH,130
AI,37
AI,61
AI,79
AI,92
AI,101
AI,110
AI,111
AI,112
AI,115
AI,136
AI,141
AI,142
AJ,25
AJ,27
AJ,38
AJ,60
AJ,66
AJ,67
AJ,78
AJ,81
AJ,82
AJ,107
AJ,120
AK,20
AK,22
AK,26
AK,31
AK,34
AK,43
AK,55
AK,56
AK,58
AK,77
AK,86
AK,89
AK,91
AK,93
AK,108
AK,119
AK,123
AK,126
AL,40
AL,46
AL,47
AL,61
AL,66
AM,10
AM,20
AM,30
AM,42
AM,62
AM,77
AM,79
AM,93
AM,98
AM,100
AM,107
AM,138
AM,140
AN,9
AN,14
AN,25
AN,26
AN,28
AN,34
AO,32
AO,40
AO,48
AO,77
AO,89
AO,90
AO,97
AO,120
AO,128
AO,131
AO,141
AO,145
AO,147
AP,44
AP,47
AP,72
AP,77
AP,83
AP,90
AP,97
AP,100
AQ,6
AQ,8
AQ,13
AQ,20
AQ,21
AQ,25
AQ,30
AQ,40
AQ,43
AQ,53
AQ,54
AQ,55
AQ,70
AQ,84
AQ,89
AQ,94
AQ,96
AQ,106
AQ,107
AQ,112
AQ,120
AQ,125
AQ,132
AR,50
AR,51
AR,78
AR,92
AR,97
AR,120
AR,122
AR,124
AR,134
AR,135
AR,136
AS,18
AS,20
AS,33
AS,40
AS,41
AS,55
AS,66
AS,85
AS,91
AS,97
AS,99
AS,117
AS,125
AT,18
AT,20
AT,31
AT,50
AT,52
AT,53
AT,56
AT,58
AT,61
AT,65
AT,68
AT,84
AU,2
AU,6
AU,9
AU,56
AU,89
AU,94
AV,28
AV,47
AV,56
AV,57
AV,59
AV,61
AV,74
AV,93
AV,96
AV,105
AV,107
AX,31
AX,45
AX,48
AX,55
AX,60
AX,61
AX,65
AX,74
AX,78
AY,5
AY,8
AY,26
AY,36
AY,37
AY,39
AZ,16
AZ,18
AZ,35
AZ,40
AZ,41
AZ,48
Aa,3
Aa,12
Aa,21
Aa,22
Aa,25
Aa,26
Aa,41
Aa,48
Aa,60
Aa,72
Aa,74
Aa,84
Aa,100
Aa,108
Aa,120
Aa,130
Aa,135
Aa,143
Aa,166
Aa,171
Aa,197
Aa,201
Aa,203
Aa,209
Aa,232
Aa,233
Aa,235
Aa,250
Aa,256
Aa,264
Aa,269
Aa,281
Aa,282
Aa,291
Aa,305
Aa,306
Aa,317
BA,2
BA,6
BA,7
BA,23
BA,31
BA,41
BA,64
BA,79
BA,86
BA,104
BA,113
BA,129
BA,139
BA,149
BA,153
BA,154
BA,186
BA,192
BA,203
BA,209
BA,217
BB,17
BB,20
BB,31
BB,34
BB,40
BB,52
BB,67
BB,69
BB,84
BB,130
BB,133
BB,159
BB,160
BB,189
BB,195
BB,226
BB,231
BC,6
BC,24
BC,38
BC,45
BC,92
BC,111
BC,123
BC,125
BC,133
BC,134
BC,137
BC,154
BC,169
BC,187
BC,189
BC,202
BC,207
BC,242
BC,263
BC,272
BC,274
BC,277
BC,296
BC,297
BC,301
BC,304
BC,337
BC,344
BC,346
BC,347
BC,355
BC,372
BC,382
BD,2
BD,7
BD,27
BD,37
BD,41
BD,50
BD,53
BD,60
BD,82
BD,85
BD,103
BD,105
BD,120
BD,122
BD,133
BD,154
BD,158
BD,162
BD,176
BD,184
BD,194
BD,200
BD,232
BD,256
BD,297
BD,306
BD,310
BD,330
BD,347
BD,349
BD,356
BD,358
BE,2
BE,22
BE,26
BE,34
BE,44
BE,52
BE,56
BE,89
BE,99
BE,116
BE,139
BE,147
BE,151
BE,155
BE,161
BE,167
BF,3
BF,6
BF,17
BF,19
BF,22
BF,33
BF,35
BF,44
BF,73
BF,80
BF,83
BF,86
BF,88
BF,92
BF,94
BF,133
BF,137
BF,138
BF,147
BF,150
BF,180
BF,182
BF,188
BG,2
BG,10
BG,12
BG,33
BG,83
BG,92
BG,105
BG,112
BG,152
BG,158
BG,162
BH,66
BH,74
BH,80
BH,81
BH,86
BH,90
BH,97
BH,101
BH,121
BH,130
BH,134
BH,177
BH,188
BH,195
BH,216
BH,217
BI,9
BI,11
BI,17
BI,20
BI,22
BI,34
BI,42
BI,54
BI,75
BI,77
BI,78
BI,80
BI,137
BI,140
BI,143
BI,157
BI,168
BI,174
BI,181
BJ,12
BJ,14
BJ,25
BJ,38
BJ,50
BJ,72
BJ,76
BJ,78
BJ,79
BJ,83
BJ,101
BJ,124
BJ,129
BJ,138
BK,2
BK,44
BK,54
BK,62
BK,67
BK,77
BK,81
BK,89
BK,92
BK,112
BK,135
BK,137
BK,143
BK,144
BK,149
BK,163
BK,164
BK,167
BK,168
BK,175
BK,180
BK,184
BK,188
BK,199
BM,14
BM,35
BM,42
BM,84
BM,112
BM,115
BM,131
BN,2
BN,3
BN,10
BN,28
BN,69
BN,78
BN,82
BN,97
BN,98
BN,113
BN,129
BN,130
BO,6
BO,48
BO,60
BO,80
BO,93
BO,95
BO,98
BO,109
BO,131
BP,4
BP,6
BP,43
BP,53
BP,80
BP,85
BP,94
BP,97
BP,101
BP,125
BP,126
BP,167
BP,171
BP,183
BP,190
BQ,10
BQ,12
BQ,14
BQ,18
BQ,31
BQ,46
BQ,49
BQ,66
BQ,67
BQ,68
BQ,70
BQ,79
BQ,89
BQ,119
BQ,129
BQ,132
BQ,153
BQ,155
BQ,172
BQ,187
BQ,197
BQ,198
BQ,205
BQ,207
BQ,220
BQ,226
BQ,235
BQ,240
BQ,241
BQ,242
BQ,256
BQ,265
BQ,269
BQ,272
BQ,275
BQ,278
BR,6
BR,7
BR,13
BR,17
BR,21
BR,34
BR,40
BR,65
BR,123
BR,137
BS,9
BS,18
BS,20
BS,34
BS,45
BS,56
BS,73
BS,83
BS,87
BS,93
BS,100
BS,109
BS,114
BS,130
BS,141
BS,155
BS,167
BT,13
BT,29
BT,30
BT,37
BT,56
BT,59
BT,63
BT,69
BT,76
BT,78
BT,84
BT,91
BT,109
BT,124
BU,4
BU,7
BU,9
BU,11
BU,13
BU,28
BU,29
BU,30
BU,34
BU,61
BU,65
BU,68
BU,70
BU,99
BU,142
BU,143
BU,150
BU,156
BU,158
BV,7
BV,8
BV,9
BV,16
BV,20
BV,21
BV,25
BV,42
BV,65
BV,87
BV,110
BV,113
BV,115
BV,130
BV,141
BV,169
BV,170
BW,6
BW,16
BW,20
BW,23
BW,33
BW,55
BW,57
BW,61
BW,64
BW,68
BW,75
BW,78
BW,80
BW,98
BW,100
BW,103
BW,108
BX,28
BX,29
BX,37
BX,46
BX,48
BX,54
BX,59
BX,60
BX,68
BX,87
BX,93
BX,103
BX,112
BX,130
BY,5
BY,9
BY,19
BY,21
BY,24
BY,32
BY,43
BY,62
BY,71
BY,72
BY,74
BY,86
BY,94
BZ,7
BZ,9
BZ,14
BZ,19
BZ,26
BZ,34
BZ,64
BZ,72
Ba,18
Ba,35
Ba,66
Ba,77
Ba,83
Ba,85
Ba,86
Ba,94
Ba,97
Ba,98
Bc,7
Bc,11
Bc,13
Bc,19
Bc,37
Bc,46
Bc,50
Bc,56
Bc,70
Bc,75
Bc,85
Bc,93
Bc,98
Bc,101
Bc,116
Bd,50
Be,8
Be,11
Be,16
Be,22
Be,51
Be,55
Be,57
Be,74
Be,75
Be,76
Be,109
Be,115
Be,120
Be,123
Be,138
Be,140
Be,149
Be,164
Be,176
Be,190
Be,211
Be,242
Bf,9
Bf,20
Bf,23
Bf,24
Bf,29
Bf,33
Bf,54
Bf,59
Bf,63
Bf,65
Bf,68
Bf,69
Bf,79
Bf,98
Bf,102
Bf,103
Bg,12
Bg,69
Bg,76
Bg,91
Bg,92
Bg,100
Bh,3
Bh,14
Bh,22
Bh,51
Bh,67
Bh,69
Bh,84
Bh,86
Bh,89
Bh,92
Bh,120
Bi,40
Bi,56
Bi,62
Bi,64
Bi,66
Bi,68
Bi,73
Bi,76
Bi,79
Bi,109
Bi,115
Bj,4
Bj,8
Bj,15
Bj,19
Bj,37
Bj,44
Bj,72
Bj,74
Bj,84
Bj,93
Bj,97
Bk,27
Bk,28
Bk,37
Bk,42
Bk,51
Bk,53
Bk,64
Bk,79
Bk,81
Bk,97
Bl,7
Bl,17
Bl,33
Bl,36
Bl,39
Bl,44
Bl,46
Bl,47
Bl,58
Bl,61
Bl,66
Bl,71
Bl,80
Bl,82
Bm,5
Bm,20
Bm,21
Bm,37
Bm,40
Bm,56
Bm,58
Bm,70
Bm,72
Bm,73
Bm,78
Bm,81
Bm,82
Bn,6
Bn,15
Bn,22
Bn,24
Bn,41
Bn,48
Bn,49
Bn,52
Bn,53
Bn,68
Bn,72
Bo,31
Bo,37
Bp,13
Bp,24
Bq,10
Br,7
Br,10
Br,11
Br,16
Br,26
Br,28
Br,34
Br,43
Br,48
Br,54
Br,79
Br,84
Bs,11
Bs,18
Bs,22
Bs,34
Bs,68
Bs,94
Bs,102
Bs,133
Bs,134
Bs,154
Bs,168
Bs,171
Bs,179
Bs,182
Bs,186
Bs,199
Bs,200
Bs,205
Bs,211
Bs,215
Bs,218
Bs,219
Bs,224
Bs,231
Bs,238
Bs,243
Bs,254
Bs,255
Bs,257
Bt,5
Bt,9
Bt,22
Bt,23
Bt,28
Bt,62
Bu,5
Bu,9
Bu,22
Bu,23
Bu,28
Bu,62
Bv,3
Bv,16
Bv,20
Bv,39
Bv,40
Bv,49
Bv,55
Bw,3
Bw,16
Bw,20
Bw,39
Bw,43
Bw,49
Bw,55
