Chain,Residue
8,9
LA,17
LA,20
LA,31
LA,34
LA,69
LA,89
LA,95
LA,133
LA,152
LA,159
LA,160
LA,189
LA,223
LA,226
LA,231
LA,249
LB,2
LB,6
LB,24
LB,38
LB,95
LB,104
LB,123
LB,133
LB,134
LB,154
LB,156
LB,187
LB,189
LB,207
LB,274
LB,276
LB,277
LB,283
LB,297
LB,301
LB,304
LB,306
LB,337
LB,343
LB,344
LB,346
LB,347
LB,355
LB,372
LB,382
LC,2
LC,7
LC,10
LC,12
LC,27
LC,37
LC,40
LC,41
LC,50
LC,53
LC,67
LC,85
LC,103
LC,105
LC,120
LC,122
LC,133
LC,153
LC,154
LC,158
LC,176
LC,194
LC,200
LC,209
LC,227
LC,232
LC,256
LC,264
LC,266
LC,270
LC,275
LC,278
LC,282
LC,283
LC,284
LC,287
LC,293
LC,297
LC,306
LC,310
LC,330
LC,341
LC,349
LC,356
LD,9
LD,10
LD,12
LD,14
LD,31
LD,44
LD,46
LD,49
LD,66
LD,70
LD,89
LD,93
LD,118
LD,129
LD,154
LD,155
LD,172
LD,176
LD,187
LD,197
LD,205
LD,207
LD,220
LD,242
LD,261
LD,275
LD,278
LE,2
LE,10
LE,12
LE,33
LE,38
LE,54
LE,83
LE,88
LE,89
LE,92
LE,112
LE,152
LE,160
LE,162
LF,51
LF,57
LF,74
LF,76
LF,109
LF,120
LF,133
LF,136
LF,138
LF,141
LF,143
LF,164
LF,176
LF,180
LF,190
LF,208
LF,211
LG,27
LG,29
LG,30
LG,47
LG,49
LG,66
LG,74
LG,80
LG,81
LG,101
LG,110
LG,126
LG,130
LG,134
LG,188
LG,194
LG,201
LG,216
LG,217
LG,226
LG,253
LG,255
LH,3
LH,17
LH,19
LH,22
LH,33
LH,35
LH,44
LH,46
LH,73
LH,80
LH,83
LH,86
LH,88
LH,94
LH,133
LH,137
LH,138
LH,147
LH,150
LH,180
LH,182
LH,188
LI,11
LI,17
LI,20
LI,22
LI,29
LI,34
LI,61
LI,62
LI,75
LI,77
LI,78
LI,104
LI,143
LI,157
LI,201
LI,205
LI,216
LJ,26
LJ,31
LJ,44
LJ,52
LJ,53
LJ,89
LJ,116
LJ,119
LJ,139
LJ,147
LJ,151
LJ,154
LJ,155
LJ,161
LL,4
LL,34
LL,41
LL,62
LL,65
LL,86
LL,89
LL,121
LL,140
LL,144
LL,152
LL,165
LL,169
LL,175
LM,3
LM,10
LM,28
LM,69
LM,78
LM,80
LM,82
LM,130
LN,30
LN,43
LN,53
LN,85
LN,97
LN,125
LN,126
LN,127
LN,148
LN,167
LN,171
LN,190
LN,196
LN,198
LO,44
LO,62
LO,67
LO,77
LO,81
LO,89
LO,92
LO,112
LO,135
LO,137
LO,143
LO,149
LO,163
LO,167
LO,168
LO,175
LO,180
LO,184
LO,188
LO,199
LP,7
LP,8
LP,9
LP,16
LP,20
LP,21
LP,42
LP,65
LP,66
LP,70
LP,79
LP,110
LP,113
LP,130
LP,139
LP,142
LQ,6
LQ,7
LQ,13
LQ,17
LQ,25
LQ,34
LQ,55
LQ,80
LQ,146
LQ,167
LQ,168
LR,6
LR,29
LR,30
LR,37
LR,49
LR,56
LR,63
LR,69
LR,76
LR,78
LR,91
LR,109
LR,120
LS,7
LS,16
LS,18
LS,32
LS,55
LS,70
LS,81
LS,85
LS,87
LS,91
LS,98
LS,105
LS,107
LS,120
LS,132
LS,145
LS,159
LS,160
LS,165
LS,170
LT,7
LT,9
LT,11
LT,13
LT,28
LT,30
LT,47
LT,65
LT,84
LT,138
LT,142
LT,143
LT,150
LT,156
LU,14
LU,16
LU,20
LU,23
LU,32
LU,36
LU,55
LU,57
LU,61
LU,64
LU,68
LU,72
LU,83
LU,97
LU,98
LU,100
LU,108
LV,2
LV,9
LV,14
LV,35
LV,53
LV,84
LV,94
LV,112
LV,115
LV,131
LW,7
LW,9
LW,14
LW,19
LW,26
LW,34
LW,38
LX,28
LX,29
LX,31
LX,46
LX,48
LX,59
LX,60
LX,68
LX,71
LX,93
LX,103
LX,112
LX,123
LX,130
LY,5
LY,19
LY,21
LY,24
LY,32
LY,36
LY,43
LY,62
LY,71
LY,72
LY,86
LY,94
LY,107
LZ,18
LZ,33
LZ,35
LZ,54
LZ,66
LZ,85
LZ,86
LZ,94
LZ,97
LZ,98
LZ,100
LZ,105
LZ,132
La,3
La,6
La,8
La,48
La,52
La,60
La,80
La,90
La,93
La,95
La,98
La,109
Lb,4
Lb,8
Lb,13
Lb,26
Lb,27
Lb,31
Lc,9
Lc,20
Lc,23
Lc,24
Lc,27
Lc,29
Lc,59
Lc,65
Lc,68
Lc,69
Lc,79
Lc,102
Lc,103
Ld,9
Ld,24
Ld,69
Ld,76
Ld,92
Ld,100
Le,14
Le,22
Le,25
Le,40
Le,51
Le,57
Le,67
Le,73
Le,86
Le,89
Le,92
Lf,8
Lf,15
Lf,28
Lf,37
Lf,51
Lf,53
Lf,72
Lf,74
Lf,78
Lf,84
Lf,97
Lg,6
Lg,17
Lg,40
Lg,49
Lg,55
Lg,64
Lg,68
Lg,73
Lg,76
Lg,109
Lh,7
Lh,11
Lh,13
Lh,19
Lh,37
Lh,40
Lh,46
Lh,70
Lh,75
Lh,98
Lh,101
Lh,116
Li,2
Li,18
Li,19
Li,21
Li,28
Li,42
Li,64
Li,79
Li,81
Li,97
Lj,7
Lj,15
Lj,17
Lj,33
Lj,36
Lj,39
Lj,44
Lj,46
Lj,47
Lj,59
Lj,71
Lj,80
Lj,82
Lj,84
Lk,6
Lk,22
Lk,24
Lk,48
Lk,52
Lk,72
Ll,6
Ll,31
Ll,34
Ll,37
Ll,47
Lm,81
Lm,87
Lm,89
Lm,94
Lm,100
Lm,108
Ln,10
Ln,24
Lo,7
Lo,11
Lo,16
Lo,26
Lo,34
Lo,43
Lo,48
Lo,64
Lo,79
Lp,11
Lp,14
Lp,20
Lp,21
Lp,37
Lp,40
Lp,56
Lp,58
Lp,63
Lp,70
Lp,72
Lp,73
Lp,78
Lp,81
Lp,82
SA,2
SA,6
SA,10
SA,78
SA,80
SA,96
SA,103
SA,110
SA,112
SA,114
SA,128
SA,137
SA,138
SA,151
SA,153
SA,175
SA,196
SA,204
SB,10
SB,25
SB,36
SB,37
SB,46
SB,51
SB,52
SB,56
SB,58
SB,76
SB,80
SB,107
SB,112
SB,119
SB,126
SB,130
SB,133
SB,158
SB,159
SB,169
SB,173
SB,180
SB,185
SB,186
SC,51
SC,52
SC,71
SC,96
SC,107
SC,117
SC,135
SC,146
SC,159
SC,166
SC,181
SC,197
SC,200
SC,204
SC,238
SC,243
SC,244
SC,248
SD,18
SD,26
SD,42
SD,44
SD,53
SD,55
SD,70
SD,79
SD,83
SD,87
SD,97
SD,104
SD,120
SD,125
SD,129
SD,139
SD,170
SD,172
SD,197
SD,207
SD,221
SD,225
SE,24
SE,32
SE,54
SE,80
SE,81
SE,82
SE,91
SE,103
SE,115
SE,120
SE,121
SE,149
SE,166
SE,170
SE,184
SE,194
SE,213
SE,217
SE,235
SE,237
SE,247
SF,21
SF,38
SF,73
SF,77
SF,125
SF,146
SF,147
SF,176
SF,206
SF,207
SF,209
SG,7
SG,15
SG,71
SG,78
SG,82
SG,96
SG,125
SG,127
SG,128
SG,163
SG,168
SG,169
SG,170
SG,180
SG,208
SG,217
SH,10
SH,14
SH,30
SH,31
SH,45
SH,66
SH,75
SH,103
SH,105
SH,119
SH,142
SH,156
SH,164
SH,187
SI,7
SI,36
SI,45
SI,55
SI,62
SI,69
SI,86
SI,93
SI,95
SI,107
SI,117
SI,120
SI,136
SI,149
SI,154
SI,155
SI,158
SI,161
SI,166
SI,182
SI,192
SI,197
SJ,7
SJ,8
SJ,9
SJ,12
SJ,13
SJ,14
SJ,19
SJ,21
SJ,22
SJ,43
SJ,46
SJ,50
SJ,61
SJ,87
SJ,95
SJ,114
SJ,121
SJ,145
SJ,152
SJ,161
SJ,184
SK,14
SK,41
SK,50
SK,54
SK,57
SK,63
SK,64
SK,65
SK,66
SK,67
SK,75
SK,79
SL,2
SL,3
SL,6
SL,9
SL,27
SL,28
SL,31
SL,35
SL,44
SL,47
SL,52
SL,72
SL,74
SL,77
SL,78
SL,93
SL,97
SL,100
SL,124
SL,134
SL,143
SM,34
SM,53
SM,64
SM,65
SM,67
SM,130
SM,134
SM,141
SN,6
SN,12
SN,13
SN,19
SN,29
SN,30
SN,32
SN,40
SN,48
SN,61
SN,77
SN,89
SN,90
SN,120
SN,128
SN,129
SN,131
SN,141
SN,143
SN,145
SN,147
SO,11
SO,20
SO,22
SO,55
SO,56
SO,58
SO,86
SO,89
SO,93
SO,123
SO,125
SO,126
SP,14
SP,16
SP,29
SP,30
SP,50
SP,51
SP,97
SP,124
SQ,6
SQ,34
SQ,37
SQ,49
SQ,61
SQ,70
SQ,92
SQ,96
SQ,110
SQ,111
SQ,115
SQ,121
SQ,141
SR,6
SR,8
SR,21
SR,25
SR,30
SR,40
SR,53
SR,70
SR,84
SR,89
SR,94
SR,107
SR,120
SS,10
SS,30
SS,34
SS,77
SS,79
SS,93
SS,98
SS,100
SS,107
SS,140
SS,141
ST,18
ST,20
ST,39
ST,41
ST,55
ST,85
ST,91
ST,125
SU,25
SU,29
SU,38
SU,39
SU,66
SU,76
SU,81
SU,82
SU,104
SU,107
SV,18
SV,50
SV,52
SV,56
SV,61
SV,68
SV,84
SV,85
SV,86
SW,2
SW,5
SW,31
SW,46
SW,52
SW,76
SW,90
SW,101
SX,29
SX,36
SX,40
SX,41
SX,46
SX,47
SX,66
SX,84
SX,128
SX,131
SX,145
SY,2
SY,6
SY,14
SY,36
SY,69
SY,78
SY,88
SY,89
SY,104
SZ,28
SZ,47
SZ,56
SZ,57
SZ,63
SZ,93
SZ,96
SZ,101
SZ,102
SZ,105
Sa,29
Sa,54
Sa,57
Sa,59
Sa,62
Sa,67
Sa,68
Sa,73
Sa,76
Sa,88
Sb,11
Sb,14
Sb,31
Sb,44
Sb,45
Sb,60
Sb,61
Sb,65
Sb,67
Sb,74
Sb,78
Sc,5
Sc,8
Sc,36
Sc,37
Sc,39
Sc,59
Sd,9
Sd,25
Sd,26
Sd,28
Se,7
Se,16
Se,18
Se,24
Se,35
Se,40
Se,41
Se,48
Se,61
Sf,85
Sf,104
Sf,105
Sf,122
Sf,146
Sf,148
Sg,12
Sg,22
Sg,25
Sg,41
Sg,60
Sg,65
Sg,72
Sg,79
Sg,96
Sg,99
Sg,100
Sg,120
Sg,143
Sg,152
Sg,168
Sg,201
Sg,203
Sg,209
Sg,232
Sg,233
Sg,235
Sg,250
Sg,269
Sg,281
Sg,282
Sg,300
Sg,306
