Chain A,Residue A,Chain B,Residue B,3D distance,Linear Distances,UniProt A,UniProt B,Common Gene A,Common Gene B,Systematic Gene A,Systematic Gene B,Surface A,Surface B
A,21,A,24,10.28025593066632,3,P15303,P15303,SEC23,SEC23,YPR181C,YPR181C,True,True
A,21,A,43,28.971946344696963,22,P15303,P15303,SEC23,SEC23,YPR181C,YPR181C,True,True
A,21,A,223,61.813844962111844,202,P15303,P15303,SEC23,SEC23,YPR181C,YPR181C,True,True
A,21,B,58,50.53238983068187,37,P15303,P20606,SEC23,SAR1,YPR181C,YPL218W,True,False
A,21,B,59,51.87733985084433,38,P15303,P20606,SEC23,SAR1,YPR181C,YPL218W,True,True
A,21,B,147,78.76211351912796,126,P15303,P20606,SEC23,SAR1,YPR181C,YPL218W,True,True
A,21,B,154,76.83713680896757,133,P15303,P20606,SEC23,SAR1,YPR181C,YPL218W,True,True
A,21,B,155,78.12045567583435,134,P15303,P20606,SEC23,SAR1,YPR181C,YPL218W,True,True
A,21,C,21,137.86312499722322,0,P15303,P15303,SEC23,SEC23,YPR181C,YPR181C,True,True
A,21,C,24,136.05197820318526,3,P15303,P15303,SEC23,SEC23,YPR181C,YPR181C,True,True
A,21,C,43,116.0689323893349,22,P15303,P15303,SEC23,SEC23,YPR181C,YPR181C,True,True
A,21,C,223,77.31276769719217,202,P15303,P15303,SEC23,SEC23,YPR181C,YPR181C,True,True
A,21,D,58,107.48018661130058,37,P15303,P20606,SEC23,SAR1,YPR181C,YPL218W,True,True
A,21,D,59,105.34936247078099,38,P15303,P20606,SEC23,SAR1,YPR181C,YPL218W,True,False
A,21,D,147,114.61920490040052,126,P15303,P20606,SEC23,SAR1,YPR181C,YPL218W,True,True
A,21,D,154,112.7814916154242,133,P15303,P20606,SEC23,SAR1,YPR181C,YPL218W,True,True
A,21,D,155,110.03003636280414,134,P15303,P20606,SEC23,SAR1,YPR181C,YPL218W,True,True
A,24,A,43,33.664472563817185,19,P15303,P15303,SEC23,SEC23,YPR181C,YPR181C,True,True
A,24,A,223,61.58588446226943,199,P15303,P15303,SEC23,SEC23,YPR181C,YPR181C,True,True
A,24,B,58,45.399166027582496,34,P15303,P20606,SEC23,SAR1,YPR181C,YPL218W,True,False
A,24,B,59,45.853402120235316,35,P15303,P20606,SEC23,SAR1,YPR181C,YPL218W,True,True
A,24,B,147,74.32570208211962,123,P15303,P20606,SEC23,SAR1,YPR181C,YPL218W,True,True
A,24,B,154,71.03793117060772,130,P15303,P20606,SEC23,SAR1,YPR181C,YPL218W,True,True
A,24,B,155,71.73934513919123,131,P15303,P20606,SEC23,SAR1,YPR181C,YPL218W,True,True
A,24,C,21,135.82670433313177,3,P15303,P15303,SEC23,SEC23,YPR181C,YPR181C,True,True
A,24,C,24,134.58761647714843,0,P15303,P15303,SEC23,SEC23,YPR181C,YPR181C,True,True
A,24,C,43,112.57033333876203,19,P15303,P15303,SEC23,SEC23,YPR181C,YPR181C,True,True
A,24,C,223,75.33022317104869,199,P15303,P15303,SEC23,SEC23,YPR181C,YPR181C,True,True
A,24,D,58,105.50887745588045,34,P15303,P20606,SEC23,SAR1,YPR181C,YPL218W,True,True
A,24,D,59,103.98898711402087,35,P15303,P20606,SEC23,SAR1,YPR181C,YPL218W,True,False
A,24,D,147,111.71803892836644,123,P15303,P20606,SEC23,SAR1,YPR181C,YPL218W,True,True
A,24,D,154,110.86248437140492,130,P15303,P20606,SEC23,SAR1,YPR181C,YPL218W,True,True
A,24,D,155,108.71836625888011,131,P15303,P20606,SEC23,SAR1,YPR181C,YPL218W,True,True
A,43,A,223,42.47301555105312,180,P15303,P15303,SEC23,SEC23,YPR181C,YPR181C,True,True
A,43,B,58,42.15924464456165,15,P15303,P20606,SEC23,SAR1,YPR181C,YPL218W,True,False
A,43,B,59,45.14579046821531,16,P15303,P20606,SEC23,SAR1,YPR181C,YPL218W,True,True
A,43,B,147,68.09675837365535,104,P15303,P20606,SEC23,SAR1,YPR181C,YPL218W,True,True
A,43,B,154,68.98793678607876,111,P15303,P20606,SEC23,SAR1,YPR181C,YPL218W,True,True
A,43,B,155,71.08527355226256,112,P15303,P20606,SEC23,SAR1,YPR181C,YPL218W,True,True
A,43,C,21,117.04735486545606,22,P15303,P15303,SEC23,SEC23,YPR181C,YPR181C,True,True
A,43,C,24,113.80179343929514,19,P15303,P15303,SEC23,SEC23,YPR181C,YPR181C,True,True
A,43,C,43,98.70833987561537,0,P15303,P15303,SEC23,SEC23,YPR181C,YPR181C,True,True
A,43,C,223,60.27646686726089,180,P15303,P15303,SEC23,SEC23,YPR181C,YPR181C,True,True
A,43,D,58,84.46867687492211,15,P15303,P20606,SEC23,SAR1,YPR181C,YPL218W,True,True
A,43,D,59,81.26853968172432,16,P15303,P20606,SEC23,SAR1,YPR181C,YPL218W,True,False
A,43,D,147,93.93292476549423,104,P15303,P20606,SEC23,SAR1,YPR181C,YPL218W,True,True
A,43,D,154,90.06926852151072,111,P15303,P20606,SEC23,SAR1,YPR181C,YPL218W,True,True
A,43,D,155,86.330428500037,112,P15303,P20606,SEC23,SAR1,YPR181C,YPL218W,True,True
A,223,B,58,50.48174114469508,165,P15303,P20606,SEC23,SAR1,YPR181C,YPL218W,True,False
A,223,B,59,49.24015778813061,164,P15303,P20606,SEC23,SAR1,YPR181C,YPL218W,True,True
A,223,B,147,75.58862075074528,76,P15303,P20606,SEC23,SAR1,YPR181C,YPL218W,True,True
A,223,B,154,73.45552664027397,69,P15303,P20606,SEC23,SAR1,YPR181C,YPL218W,True,True
A,223,B,155,72.75119233387176,68,P15303,P20606,SEC23,SAR1,YPR181C,YPL218W,True,True
A,223,C,21,77.30953351948257,202,P15303,P15303,SEC23,SEC23,YPR181C,YPR181C,True,True
A,223,C,24,75.32540250141382,199,P15303,P15303,SEC23,SEC23,YPR181C,YPR181C,True,True
A,223,C,43,59.55891171772701,180,P15303,P15303,SEC23,SEC23,YPR181C,YPR181C,True,True
A,223,C,223,18.95529377245312,0,P15303,P15303,SEC23,SEC23,YPR181C,YPR181C,True,True
A,223,D,58,57.73127021814087,165,P15303,P20606,SEC23,SAR1,YPR181C,YPL218W,True,True
A,223,D,59,55.12232378991291,164,P15303,P20606,SEC23,SAR1,YPR181C,YPL218W,True,False
A,223,D,147,79.39334111246357,76,P15303,P20606,SEC23,SAR1,YPR181C,YPL218W,True,True
A,223,D,154,75.86164199382979,69,P15303,P20606,SEC23,SAR1,YPR181C,YPL218W,True,True
A,223,D,155,73.52278009569552,68,P15303,P20606,SEC23,SAR1,YPR181C,YPL218W,True,True
B,58,B,59,6.67001844075412,1,P20606,P20606,SAR1,SAR1,YPL218W,YPL218W,False,True
B,58,B,147,32.599650703650184,89,P20606,P20606,SAR1,SAR1,YPL218W,YPL218W,False,True
B,58,B,154,28.756636190625628,96,P20606,P20606,SAR1,SAR1,YPL218W,YPL218W,False,True
B,58,B,155,29.548240235249203,97,P20606,P20606,SAR1,SAR1,YPL218W,YPL218W,False,True
B,58,C,21,107.55082628227456,37,P20606,P15303,SAR1,SEC23,YPL218W,YPR181C,False,True
B,58,C,24,105.96759561771701,34,P20606,P15303,SAR1,SEC23,YPL218W,YPR181C,False,True
B,58,C,43,83.76062984481433,15,P20606,P15303,SAR1,SEC23,YPL218W,YPR181C,False,True
B,58,C,223,57.83651306052259,165,P20606,P15303,SAR1,SEC23,YPL218W,YPR181C,False,True
B,58,D,58,68.41854279360237,0,P20606,P20606,SAR1,SAR1,YPL218W,YPL218W,False,True
B,58,D,59,68.3894340450336,1,P20606,P20606,SAR1,SAR1,YPL218W,YPL218W,False,False
B,58,D,147,68.10114317689533,89,P20606,P20606,SAR1,SAR1,YPL218W,YPL218W,False,True
B,58,D,154,69.13297109917958,96,P20606,P20606,SAR1,SAR1,YPL218W,YPL218W,False,True
B,58,D,155,68.37869915404943,97,P20606,P20606,SAR1,SAR1,YPL218W,YPL218W,False,True
B,59,B,147,35.923238606784885,88,P20606,P20606,SAR1,SAR1,YPL218W,YPL218W,True,True
B,59,B,154,29.97831251088025,95,P20606,P20606,SAR1,SAR1,YPL218W,YPL218W,True,True
B,59,B,155,29.30651246736807,96,P20606,P20606,SAR1,SAR1,YPL218W,YPL218W,True,True
B,59,C,21,105.157250182762,38,P20606,P15303,SAR1,SEC23,YPL218W,YPR181C,True,True
B,59,C,24,104.14244239982084,35,P20606,P15303,SAR1,SEC23,YPL218W,YPR181C,True,True
B,59,C,43,80.34801937820247,16,P20606,P15303,SAR1,SEC23,YPL218W,YPR181C,True,True
B,59,C,223,55.04509083469661,164,P20606,P15303,SAR1,SEC23,YPL218W,YPR181C,True,True
B,59,D,58,68.19338174632492,1,P20606,P20606,SAR1,SAR1,YPL218W,YPL218W,True,True
B,59,D,59,68.59221631497265,0,P20606,P20606,SAR1,SAR1,YPL218W,YPL218W,True,False
B,59,D,147,69.16449501008447,88,P20606,P20606,SAR1,SAR1,YPL218W,YPL218W,True,True
B,59,D,154,70.8211729710826,95,P20606,P20606,SAR1,SAR1,YPL218W,YPL218W,True,True
B,59,D,155,70.54975179261795,96,P20606,P20606,SAR1,SAR1,YPL218W,YPL218W,True,True
B,147,B,154,12.280908639021794,7,P20606,P20606,SAR1,SAR1,YPL218W,YPL218W,True,True
B,147,B,155,18.448589783503778,8,P20606,P20606,SAR1,SAR1,YPL218W,YPL218W,True,True
B,147,C,21,114.8768825917556,126,P20606,P15303,SAR1,SEC23,YPL218W,YPR181C,True,True
B,147,C,24,112.5027993829487,123,P20606,P15303,SAR1,SEC23,YPL218W,YPR181C,True,True
B,147,C,43,93.68563865395807,104,P20606,P15303,SAR1,SEC23,YPL218W,YPR181C,True,True
B,147,C,223,79.69263007957511,76,P20606,P15303,SAR1,SEC23,YPL218W,YPR181C,True,True
B,147,D,58,68.06034188865054,89,P20606,P20606,SAR1,SAR1,YPL218W,YPL218W,True,True
B,147,D,59,69.17904893101668,88,P20606,P20606,SAR1,SAR1,YPL218W,YPL218W,True,False
B,147,D,147,52.44355840329678,0,P20606,P20606,SAR1,SAR1,YPL218W,YPL218W,True,True
B,147,D,154,55.87196109856893,7,P20606,P20606,SAR1,SAR1,YPL218W,YPL218W,True,True
B,147,D,155,56.39494117383225,8,P20606,P20606,SAR1,SAR1,YPL218W,YPL218W,True,True
B,154,B,155,6.475871369939334,1,P20606,P20606,SAR1,SAR1,YPL218W,YPL218W,True,True
B,154,C,21,112.7842556166418,133,P20606,P15303,SAR1,SEC23,YPL218W,YPR181C,True,True
B,154,C,24,111.40929334665039,130,P20606,P15303,SAR1,SEC23,YPL218W,YPR181C,True,True
B,154,C,43,89.45893834044756,111,P20606,P15303,SAR1,SEC23,YPL218W,YPR181C,True,True
B,154,C,223,76.00441943729325,69,P20606,P15303,SAR1,SEC23,YPL218W,YPR181C,True,True
B,154,D,58,69.11084281789653,96,P20606,P20606,SAR1,SAR1,YPL218W,YPL218W,True,True
B,154,D,59,70.94591654210974,95,P20606,P20606,SAR1,SAR1,YPL218W,YPL218W,True,False
B,154,D,147,56.11276543710887,7,P20606,P20606,SAR1,SAR1,YPL218W,YPL218W,True,True
B,154,D,154,60.85814721136357,0,P20606,P20606,SAR1,SAR1,YPL218W,YPL218W,True,True
B,154,D,155,62.228936315833,1,P20606,P20606,SAR1,SAR1,YPL218W,YPL218W,True,True
B,155,C,21,110.31154386101211,134,P20606,P15303,SAR1,SEC23,YPL218W,YPR181C,True,True
B,155,C,24,109.46194124900215,131,P20606,P15303,SAR1,SEC23,YPL218W,YPR181C,True,True
B,155,C,43,86.1262633172948,112,P20606,P15303,SAR1,SEC23,YPL218W,YPR181C,True,True
B,155,C,223,73.98591448377185,68,P20606,P15303,SAR1,SEC23,YPL218W,YPR181C,True,True
B,155,D,58,68.49370144035143,97,P20606,P20606,SAR1,SAR1,YPL218W,YPL218W,True,True
B,155,D,59,70.7778675999779,96,P20606,P20606,SAR1,SAR1,YPL218W,YPL218W,True,False
B,155,D,147,56.69346236560261,8,P20606,P20606,SAR1,SAR1,YPL218W,YPL218W,True,True
B,155,D,154,62.14107066988788,1,P20606,P20606,SAR1,SAR1,YPL218W,YPL218W,True,True
B,155,D,155,64.02059756828267,0,P20606,P20606,SAR1,SAR1,YPL218W,YPL218W,True,True
C,21,C,24,9.65111905428588,3,P15303,P15303,SEC23,SEC23,YPR181C,YPR181C,True,True
C,21,C,43,29.166645847611612,22,P15303,P15303,SEC23,SEC23,YPR181C,YPR181C,True,True
C,21,C,223,61.61144313356082,202,P15303,P15303,SEC23,SEC23,YPR181C,YPR181C,True,True
C,21,D,58,50.796188715296346,37,P15303,P20606,SEC23,SAR1,YPR181C,YPL218W,True,True
C,21,D,59,52.17068465144003,38,P15303,P20606,SEC23,SAR1,YPR181C,YPL218W,True,False
C,21,D,147,78.74298126182423,126,P15303,P20606,SEC23,SAR1,YPR181C,YPL218W,True,True
C,21,D,154,76.89782931266656,133,P15303,P20606,SEC23,SAR1,YPR181C,YPL218W,True,True
C,21,D,155,78.31477975452654,134,P15303,P20606,SEC23,SAR1,YPR181C,YPL218W,True,True
C,24,C,43,33.51088069567852,19,P15303,P15303,SEC23,SEC23,YPR181C,YPR181C,True,True
C,24,C,223,61.24446820734097,199,P15303,P15303,SEC23,SEC23,YPR181C,YPR181C,True,True
C,24,D,58,46.34304119282635,34,P15303,P20606,SEC23,SAR1,YPR181C,YPL218W,True,True
C,24,D,59,46.814576512022406,35,P15303,P20606,SEC23,SAR1,YPR181C,YPL218W,True,False
C,24,D,147,74.99420420939207,123,P15303,P20606,SEC23,SAR1,YPR181C,YPL218W,True,True
C,24,D,154,71.93412804781887,130,P15303,P20606,SEC23,SAR1,YPR181C,YPL218W,True,True
C,24,D,155,72.72592948185675,131,P15303,P20606,SEC23,SAR1,YPR181C,YPL218W,True,True
C,43,C,223,41.66136304779285,180,P15303,P15303,SEC23,SEC23,YPR181C,YPR181C,True,True
C,43,D,58,41.81471188469436,15,P15303,P20606,SEC23,SAR1,YPR181C,YPL218W,True,True
C,43,D,59,44.83267907453222,16,P15303,P20606,SEC23,SAR1,YPR181C,YPL218W,True,False
C,43,D,147,67.82357113865356,104,P15303,P20606,SEC23,SAR1,YPR181C,YPL218W,True,True
C,43,D,154,68.47005173796789,111,P15303,P20606,SEC23,SAR1,YPR181C,YPL218W,True,True
C,43,D,155,70.66632079003406,112,P15303,P20606,SEC23,SAR1,YPR181C,YPL218W,True,True
C,223,D,58,50.14173699623897,165,P15303,P20606,SEC23,SAR1,YPR181C,YPL218W,True,True
C,223,D,59,49.07252088491073,164,P15303,P20606,SEC23,SAR1,YPR181C,YPL218W,True,False
C,223,D,147,75.15773815782377,76,P15303,P20606,SEC23,SAR1,YPR181C,YPL218W,True,True
C,223,D,154,73.02957870616537,69,P15303,P20606,SEC23,SAR1,YPR181C,YPL218W,True,True
C,223,D,155,72.135907487187,68,P15303,P20606,SEC23,SAR1,YPR181C,YPL218W,True,True
D,58,D,59,6.620793683539761,1,P20606,P20606,SAR1,SAR1,YPL218W,YPL218W,True,False
D,58,D,147,32.18057976482089,89,P20606,P20606,SAR1,SAR1,YPL218W,YPL218W,True,True
D,58,D,154,28.56489924715297,96,P20606,P20606,SAR1,SAR1,YPL218W,YPL218W,True,True
D,58,D,155,29.401690495616062,97,P20606,P20606,SAR1,SAR1,YPL218W,YPL218W,True,True
D,59,D,147,35.30108560653624,88,P20606,P20606,SAR1,SAR1,YPL218W,YPL218W,False,True
D,59,D,154,29.716537517012316,95,P20606,P20606,SAR1,SAR1,YPL218W,YPL218W,False,True
D,59,D,155,28.9563495800144,96,P20606,P20606,SAR1,SAR1,YPL218W,YPL218W,False,True
D,147,D,154,11.306457048961002,7,P20606,P20606,SAR1,SAR1,YPL218W,YPL218W,True,True
D,147,D,155,18.03600304945638,8,P20606,P20606,SAR1,SAR1,YPL218W,YPL218W,True,True
D,154,D,155,7.075818892538158,1,P20606,P20606,SAR1,SAR1,YPL218W,YPL218W,True,True
