Chain,Residue
A,11
A,12
A,13
A,14
A,15
A,16
A,17
A,18
A,19
A,20
A,21
A,22
A,23
A,24
A,25
A,26
A,27
A,28
A,29
A,30
A,31
A,32
A,71
A,72
A,73
A,74
A,75
A,76
A,77
A,78
A,79
A,80
A,81
A,82
A,83
A,84
A,85
A,86
A,87
A,88
A,89
A,90
A,91
A,92
A,93
A,94
A,95
A,96
A,97
A,98
A,99
A,100
A,101
A,102
A,103
A,104
A,105
A,106
A,107
A,108
A,109
A,110
A,111
A,112
A,113
A,114
A,115
A,116
A,117
A,118
A,119
A,120
A,121
A,122
A,123
A,124
A,125
A,126
A,127
A,128
A,129
A,130
A,131
A,132
A,133
A,134
A,146
A,147
A,148
A,149
A,150
A,151
A,152
A,153
A,154
A,155
A,156
A,157
A,158
A,159
A,160
A,161
A,162
A,163
A,164
A,165
A,166
A,167
A,168
A,169
A,170
A,171
A,172
A,173
A,174
A,175
A,176
A,177
A,178
A,179
A,180
A,181
A,182
A,183
A,184
A,185
A,186
A,187
A,188
A,189
A,190
A,191
A,192
A,206
A,207
A,208
A,209
A,210
A,211
A,212
A,213
A,214
A,215
A,216
A,217
A,218
A,219
A,220
A,221
A,222
A,223
A,224
A,225
A,226
A,237
A,238
A,239
A,240
A,241
A,242
A,243
A,244
A,245
A,246
A,247
A,248
A,249
A,250
A,251
A,252
A,253
A,254
A,255
A,256
A,257
A,258
A,259
A,260
A,261
A,262
A,263
A,264
A,265
A,266
A,267
A,268
A,269
A,270
A,271
A,272
A,273
A,274
A,275
A,276
A,277
A,278
A,279
A,280
A,281
A,402
A,403
A,404
A,405
A,406
A,407
A,408
A,409
A,410
A,411
A,412
A,413
A,414
A,425
A,426
A,427
A,428
A,429
A,430
A,431
A,432
A,433
A,434
A,435
A,436
A,437
A,438
A,439
A,440
A,441
A,442
A,443
A,444
A,445
A,446
A,447
A,448
A,449
A,450
A,451
A,452
A,453
A,454
A,455
A,456
A,457
A,458
A,459
A,460
A,464
A,465
A,466
A,467
A,468
A,469
A,470
A,471
A,472
A,473
A,474
A,475
A,476
A,477
A,478
A,479
A,480
A,481
A,482
A,483
A,484
A,485
A,486
A,487
A,488
A,489
A,490
A,491
A,492
A,493
A,494
A,495
A,496
A,497
A,498
A,499
A,500
A,501
A,502
A,503
A,504
A,505
A,506
A,507
A,508
A,509
A,510
A,511
A,512
A,581
A,582
A,583
A,584
A,585
A,586
A,587
A,588
A,589
A,590
A,591
A,592
A,593
A,594
A,595
A,596
A,597
A,598
A,599
A,600
A,601
A,602
A,603
A,604
A,605
A,606
A,607
A,608
A,609
A,610
A,611
A,612
A,613
A,614
A,615
A,616
A,617
A,618
A,619
A,620
A,621
A,622
A,623
A,624
A,625
A,626
A,627
A,628
A,629
A,630
A,631
A,632
A,633
A,634
A,635
A,636
A,637
A,638
A,639
A,640
A,641
A,642
A,643
A,644
A,645
A,646
A,647
A,648
A,649
A,650
A,651
A,652
A,653
A,654
A,655
A,656
A,657
A,658
A,659
A,660
A,661
A,662
A,663
A,664
A,665
A,666
A,667
A,668
A,669
A,670
A,671
A,757
A,758
A,759
A,760
A,761
A,762
A,763
A,764
A,765
A,766
A,767
A,768
A,769
A,770
A,771
A,772
A,773
A,774
A,775
A,776
A,777
A,778
A,779
A,780
A,781
A,782
A,783
A,784
A,785
A,786
A,787
A,788
A,789
A,790
A,791
A,792
A,793
A,794
A,795
A,796
A,797
A,798
A,799
A,800
A,801
A,802
A,803
A,804
A,805
A,806
A,807
A,808
A,809
A,810
A,811
A,812
A,813
A,814
A,837
A,838
A,839
A,840
A,841
A,842
A,843
A,844
A,845
A,846
A,847
A,848
A,849
A,850
A,851
A,852
A,853
A,854
A,855
A,856
A,857
A,858
A,859
A,860
A,861
A,862
A,863
A,864
A,865
A,866
A,867
A,868
A,869
A,870
A,871
A,872
A,873
A,874
A,875
A,876
A,877
A,878
A,879
A,880
A,881
A,882
A,924
A,925
A,926
A,927
A,928
A,929
A,930
A,931
A,932
A,933
A,934
A,935
A,936
A,937
A,938
A,939
A,940
A,941
A,942
A,943
A,944
A,945
A,946
A,947
A,948
A,949
A,950
A,951
A,952
A,953
A,954
A,955
A,956
A,957
A,958
A,959
A,960
A,961
A,962
A,963
A,964
A,965
A,966
A,967
A,968
A,969
A,970
A,971
A,972
A,973
A,974
A,975
A,976
A,977
A,978
A,979
A,980
A,981
A,982
A,983
A,984
A,985
A,986
A,1013
A,1014
A,1015
A,1016
A,1017
A,1018
A,1019
A,1020
A,1021
A,1022
A,1023
A,1024
A,1025
A,1026
A,1027
A,1028
A,1029
A,1030
A,1031
A,1032
A,1033
A,1034
A,1035
A,1036
A,1037
A,1038
A,1039
A,1040
A,1041
A,1042
A,1043
A,1044
A,1045
A,1046
A,1047
A,1048
A,1049
A,1050
A,1051
A,1052
A,1053
A,1054
A,1055
A,1056
A,1057
A,1058
A,1059
A,1060
A,1061
A,1062
A,1063
A,1064
A,1065
A,1066
A,1067
A,1068
A,1069
A,1070
A,1071
A,1072
A,1073
A,1074
A,1075
A,1076
A,1077
A,1078
A,1079
A,1080
A,1081
A,1082
A,1083
A,1084
A,1085
A,1086
A,1087
A,1088
A,1089
A,1090
A,1091
A,1092
A,1093
A,1094
A,1095
A,1096
A,1097
A,1098
A,1099
A,1100
A,1101
A,1102
A,1103
A,1104
A,1105
A,1106
A,1107
A,1108
A,1109
A,1110
A,1111
A,1112
A,1113
A,1114
A,1115
A,1116
A,1117
A,1118
A,1119
A,1120
A,1121
A,1122
A,1123
A,1124
A,1125
A,1126
A,1127
A,1128
A,1129
A,1130
A,1131
A,1132
A,1133
A,1134
A,1135
A,1136
A,1137
A,1138
A,1139
A,1140
A,1141
A,1142
A,1143
A,1144
A,1145
A,1146
A,1147
A,1148
A,1149
A,1150
A,1151
A,1152
A,1153
A,1154
A,1155
A,1156
A,1157
A,1158
A,1159
A,1160
A,1161
A,1162
A,1163
A,1164
A,1165
A,1166
A,1167
A,1168
A,1169
A,1170
A,1171
A,1172
A,1173
A,1174
A,1175
A,1176
A,1177
A,1178
A,1179
A,1180
A,1181
A,1182
A,1183
A,1184
A,1185
A,1186
A,1187
A,1188
A,1189
A,1190
A,1191
A,1192
A,1193
A,1194
A,1195
A,1196
A,1197
A,1198
A,1199
A,1200
A,1201
A,1202
A,1203
A,1204
A,1205
A,1206
A,1207
A,1208
A,1209
A,1210
A,1211
A,1212
A,1213
A,1214
A,1215
A,1216
A,1217
A,1218
A,1219
A,1220
A,1221
A,1222
A,1223
A,1224
A,1225
A,1226
A,1227
A,1228
A,1229
A,1230
A,1231
A,1232
A,1233
A,1234
A,1235
A,1236
A,1237
A,1238
A,1239
A,1240
A,1241
A,1242
A,1243
A,1244
A,1245
A,1246
A,1247
A,1248
A,1249
A,1250
A,1251
A,1252
A,1253
A,1254
A,1255
A,1256
A,1257
A,1258
A,1259
A,1260
A,1261
A,1262
A,1263
A,1264
A,1265
A,1266
A,1267
A,1268
A,1269
A,1270
A,1271
A,1272
A,1273
A,1274
A,1275
A,1276
A,1277
A,1278
A,1279
A,1280
A,1281
A,1282
A,1283
A,1284
A,1285
A,1286
A,1287
A,1288
A,1289
A,1290
A,1291
A,1292
A,1293
A,1294
A,1295
A,1296
A,1297
A,1298
A,1299
A,1300
A,1301
A,1302
A,1303
A,1304
A,1305
A,1306
A,1307
A,1308
A,1309
A,1310
A,1311
A,1312
A,1313
A,1314
A,1315
A,1316
A,1317
A,1318
A,1319
A,1320
A,1321
A,1322
A,1323
A,1324
A,1325
A,1326
A,1327
A,1328
A,1329
A,1330
A,1331
A,1332
A,1333
A,1354
A,1355
A,1356
A,1357
A,1358
A,1359
A,1360
A,1361
A,1362
A,1363
A,1364
A,1365
A,1366
A,1367
A,1368
A,1369
A,1370
A,1371
A,1372
A,1373
A,1374
A,1375
A,1376
A,1377
A,1378
A,1379
A,1380
A,1381
A,1382
A,1383
A,1384
A,1385
A,1386
A,1387
A,1388
A,1389
A,1390
A,1391
A,1392
A,1393
A,1394
A,1395
A,1396
A,1397
A,1398
A,1399
A,1400
A,1401
A,1402
A,1403
A,1404
A,1405
A,1406
A,1407
A,1408
A,1409
A,1410
A,1411
A,1412
A,1413
A,1414
A,1415
A,1416
A,1417
A,1418
A,1419
A,1420
A,1421
A,1422
A,1423
A,1424
A,1425
A,1426
A,1427
A,1428
A,1429
A,1430
A,1431
A,1432
A,1433
A,1434
A,1435
A,1436
A,1437
A,1452
A,1453
A,1454
A,1455
A,1456
A,1457
A,1458
A,1459
A,1460
A,1461
A,1462
A,1463
A,1464
A,1465
A,1466
A,1467
A,1468
A,1469
A,1470
A,1471
A,1472
A,1473
A,1474
A,1475
A,1476
A,1477
A,1478
A,1479
A,1480
A,1481
A,1482
A,1483
A,1484
A,1485
A,1486
A,1487
A,1488
A,1489
A,1490
A,1491
A,1492
A,1493
A,1494
A,1495
A,1496
A,1497
A,1498
A,1499
A,1500
A,1501
A,1502
A,1503
A,1504
A,1505
A,1506
A,1507
A,1508
A,1509
A,1510
A,1511
A,1512
A,1513
A,1514
A,1515
A,1516
A,1517
A,1518
A,1519
A,1520
A,1521
A,1522
A,1523
A,1524
A,1525
A,1526
A,1527
A,1528
A,1529
A,1530
A,1531
A,1532
A,1533
A,1534
A,1535
A,1536
A,1537
A,1538
A,1539
A,1540
A,1541
A,1542
A,1543
A,1544
A,1545
A,1546
A,1547
A,1548
A,1549
A,1550
A,1551
A,1552
A,1553
A,1554
A,1555
A,1556
A,1557
A,1558
A,1559
A,1560
A,1561
A,1562
A,1563
A,1564
A,1565
A,1566
A,1567
A,1568
A,1569
A,1570
A,1571
A,1572
A,1573
A,1574
A,1575
A,1576
A,1577
A,1578
A,1579
A,1580
A,1581
A,1582
A,1583
A,1584
A,1585
A,1586
A,1587
A,1588
A,1589
A,1590
A,1591
A,1592
A,1593
A,1594
A,1595
A,1596
A,1597
A,1598
A,1599
A,1600
A,1601
A,1602
A,1603
A,1604
A,1605
A,1606
A,1607
A,1608
A,1609
A,1610
A,1611
A,1612
A,1613
A,1614
A,1615
A,1616
A,1617
A,1618
A,1619
A,1620
A,1621
A,1622
A,1623
A,1624
A,1625
A,1626
A,1627
A,1628
A,1629
A,1630
A,1631
A,1632
A,1633
A,1634
A,1635
A,1636
A,1637
A,1638
A,1639
A,1640
A,1641
A,1642
A,1643
A,1644
A,1645
A,1646
A,1647
A,1648
A,1649
A,1650
A,1651
A,1652
A,1653
A,1654
A,1655
A,1656
A,1657
A,1658
A,1659
A,1660
A,1661
A,1662
A,1663
A,1664
A,1665
A,1666
A,1667
A,1668
A,1669
A,1670
A,1671
A,1672
A,1673
A,1674
A,1675
A,1676
A,1677
A,1678
A,1679
A,1680
A,1684
A,1685
A,1686
A,1687
A,1688
A,1689
A,1690
A,1691
A,1692
A,1693
A,1694
A,1695
A,1696
A,1697
A,1698
A,1699
A,1700
A,1701
A,1702
A,1703
A,1704
A,1705
A,1706
A,1707
A,1727
A,1728
A,1729
A,1730
A,1731
A,1732
A,1733
A,1734
A,1739
A,1740
A,1741
A,1742
A,1743
A,1744
A,1745
A,1746
A,1747
A,1748
A,1749
A,1750
A,1751
A,1752
A,1753
A,1754
A,1755
A,1756
A,1757
A,1758
A,1759
A,1760
A,1761
A,1762
A,1763
A,1764
A,1765
A,1766
A,1767
A,1768
A,1769
A,1770
A,1771
A,1772
A,1773
A,1774
A,1775
A,1776
A,1777
A,1778
A,1779
A,1780
A,1781
A,1782
A,1783
A,1784
A,1785
A,1786
A,1787
A,1788
A,1789
A,1790
A,1791
A,1792
A,1793
A,1794
A,1795
A,1796
A,1797
A,1798
A,1799
A,1800
A,1801
A,1802
A,1803
A,1804
A,1805
A,1806
A,1807
A,1808
A,1809
A,1810
A,1811
A,1812
A,1813
A,1814
A,1815
A,1816
A,1817
A,1818
A,1819
A,1820
A,1821
A,1822
A,1823
A,1824
A,1825
A,1826
A,1827
A,1839
A,1840
A,1841
A,1842
A,1843
A,1844
A,1845
A,1846
A,1847
A,1848
A,1849
A,1850
A,1851
A,1852
A,1853
A,1854
A,1855
A,1856
A,1857
A,1858
A,1859
A,1860
A,1861
A,1862
A,1863
A,1864
A,1865
A,1866
A,1867
A,1868
A,1869
A,1870
A,1871
A,1872
A,1873
A,1877
A,1878
A,1879
A,1880
A,1881
A,1882
A,1883
A,1884
A,1885
A,1886
A,1887
A,1888
A,1889
A,1890
A,1891
A,1892
A,1893
A,1894
A,1895
A,1896
A,1897
A,1910
A,1911
A,1912
A,1913
A,1914
A,1915
A,1916
A,1917
A,1918
A,1919
A,1920
A,1921
A,1922
A,1923
A,1924
A,1925
A,1926
A,1927
A,1928
A,1929
A,1930
A,1931
A,1932
A,1933
A,1934
B,1
B,2
B,3
B,4
B,5
B,6
B,7
B,8
B,9
B,10
B,11
B,12
B,13
B,14
B,15
B,16
B,22
B,23
B,24
B,25
B,26
B,27
B,28
B,29
B,33
B,34
B,35
B,36
B,37
B,44
B,45
B,46
B,47
B,48
B,49
B,50
B,51
B,52
B,53
B,54
B,55
B,56
B,57
B,58
B,59
B,60
B,61
B,62
B,63
B,64
B,65
B,66
B,67
B,68
B,69
B,70
B,71
B,72
B,73
B,74
B,75
B,76
B,77
B,78
B,79
B,80
B,81
B,82
B,83
C,26
C,27
C,28
C,29
C,30
C,31
C,32
C,33
C,34
C,35
C,36
C,37
C,38
C,39
C,40
C,41
C,42
C,43
C,44
C,45
C,46
C,47
C,48
C,49
C,50
C,51
C,52
C,53
C,54
C,55
C,56
C,57
C,58
C,59
C,60
C,61
C,62
C,63
C,64
C,65
C,66
C,67
C,68
C,69
C,70
C,71
C,72
C,73
C,74
C,75
C,76
C,77
C,78
C,79
C,80
C,81
C,82
C,83
C,84
C,85
C,86
C,87
C,88
C,89
C,90
C,91
C,92
C,93
C,94
C,95
C,96
C,97
C,98
C,99
C,100
C,101
C,102
C,103
C,104
C,105
C,106
C,107
C,108
C,109
C,110
C,111
C,112
C,113
C,114
C,115
C,116
C,117
C,118
C,119
C,120
C,121
C,122
C,123
C,124
C,125
C,126
C,127
C,128
C,129
C,130
C,131
C,132
C,133
C,134
C,135
C,136
C,137
C,145
C,146
C,147
C,148
C,149
C,150
C,151
C,152
C,153
C,154
C,155
C,156
C,157
C,158
C,159
C,160
C,161
C,162
C,163
C,164
C,165
C,166
C,167
C,168
C,169
C,170
C,171
C,172
C,173
C,174
C,175
C,176
C,177
C,178
C,179
C,180
C,181
C,182
C,183
C,184
C,185
C,186
C,187
C,188
C,189
C,190
C,191
C,192
C,193
C,194
C,195
C,196
C,197
C,198
C,199
C,200
C,201
C,202
C,203
C,204
C,205
C,206
C,207
C,208
C,209
C,210
C,211
C,212
C,213
C,214
C,215
C,216
C,217
C,218
C,219
C,220
C,221
C,222
C,223
C,224
C,225
C,226
C,227
C,228
C,229
C,230
C,231
C,232
C,233
C,234
C,235
C,236
C,237
C,238
C,239
C,240
C,241
C,242
C,243
C,244
C,245
C,246
C,247
C,248
C,249
C,250
C,251
C,252
C,253
C,254
C,255
C,256
C,257
C,258
C,259
C,260
C,261
C,262
C,263
C,264
C,265
C,266
C,267
C,268
C,269
C,270
C,271
C,272
C,273
C,274
C,275
C,276
C,277
C,278
C,279
C,280
C,281
C,282
C,283
C,284
C,285
C,286
C,287
C,288
C,289
C,290
C,291
C,292
C,293
C,294
C,295
C,296
C,297
C,298
C,299
C,300
C,301
C,302
C,303
C,304
C,305
C,306
C,307
C,308
C,309
C,310
C,311
C,312
C,313
C,314
C,315
C,316
C,317
C,318
C,319
C,320
C,321
C,322
C,323
C,324
C,325
C,326
C,327
C,328
C,329
C,330
C,331
C,332
C,333
C,334
C,335
C,336
C,337
C,338
C,339
C,340
C,341
C,342
C,343
C,344
C,345
C,346
C,347
C,348
C,349
C,350
C,351
C,352
C,353
C,354
C,355
C,356
C,357
C,358
C,359
C,360
C,361
C,362
C,363
C,364
C,365
C,366
C,367
C,368
C,369
C,370
C,371
C,372
C,373
C,374
C,375
C,376
C,377
C,378
C,379
C,380
C,381
C,382
C,383
C,384
C,385
C,386
C,387
C,388
C,389
C,390
C,391
C,392
C,393
C,394
C,395
C,396
C,397
C,398
C,399
C,400
C,401
C,402
C,403
C,404
C,405
C,406
C,407
C,408
C,409
C,410
C,411
C,412
C,413
C,414
C,415
C,416
C,417
C,418
C,419
C,420
C,421
C,422
C,423
C,424
C,425
C,426
C,427
C,428
C,429
C,430
C,431
C,432
C,433
C,434
C,435
C,436
C,437
C,438
C,439
C,440
C,441
C,442
C,443
C,444
C,445
C,446
C,447
C,448
C,449
C,450
C,451
C,452
C,453
C,454
C,455
C,456
C,457
C,458
C,459
C,460
C,461
C,462
C,463
C,464
C,465
C,466
C,467
C,468
C,469
C,470
C,471
C,472
C,473
C,474
C,475
C,476
C,477
C,478
C,479
C,480
C,481
C,482
C,483
C,484
C,485
C,486
C,487
C,488
C,489
C,490
C,491
C,492
C,493
C,494
C,495
C,496
C,497
C,498
C,499
C,500
E,52
E,53
E,54
E,55
E,56
E,57
E,58
E,59
E,60
E,61
E,62
E,63
E,64
E,65
E,66
E,67
E,68
E,69
E,70
E,71
E,72
E,73
E,74
E,75
E,76
E,77
E,78
E,79
E,80
E,81
E,82
E,83
E,84
E,85
E,86
E,87
E,88
E,89
E,90
E,91
E,92
E,93
E,94
E,95
E,96
E,97
E,98
E,99
E,100
E,101
E,102
E,103
E,104
E,105
E,106
E,107
F,5
F,6
F,7
F,8
F,9
F,10
F,11
F,12
F,13
F,14
F,15
F,16
F,17
F,18
F,19
F,20
F,21
F,22
F,23
F,24
F,25
F,26
F,27
F,28
F,29
F,30
F,31
F,32
F,33
F,34
F,35
F,36
F,37
F,38
F,39
F,40
F,41
F,42
F,43
F,44
F,45
F,46
F,47
F,48
F,49
F,50
F,51
F,52
F,53
F,54
F,55
F,56
F,57
F,58
F,59
F,60
F,61
F,62
F,63
F,64
F,65
F,66
F,67
F,68
F,69
F,70
F,71
F,72
F,73
F,74
F,75
F,76
F,77
F,78
F,79
F,80
F,81
F,82
F,83
F,84
F,85
F,86
F,87
F,88
F,89
F,90
F,91
F,92
F,93
F,94
F,95
F,96
F,97
F,98
F,99
F,100
F,101
F,102
F,103
F,104
F,105
F,106
F,107
F,108
F,109
F,110
F,111
F,112
F,113
F,114
F,115
F,116
F,117
F,118
F,119
F,120
F,121
F,122
F,123
F,124
F,125
F,126
F,127
F,128
F,129
F,130
F,131
F,132
F,133
F,134
F,135
F,136
F,137
F,138
F,139
F,140
F,141
F,142
F,143
F,144
F,145
F,146
F,147
F,148
F,149
F,150
F,151
F,152
F,153
F,154
F,155
F,156
F,157
F,158
F,159
F,160
F,161
F,162
F,163
F,164
F,165
F,166
F,167
F,168
F,169
F,170
F,451
F,452
F,453
F,454
F,455
F,456
F,457
F,458
F,459
F,460
F,461
F,462
F,463
F,464
F,465
F,466
F,467
F,468
F,469
F,470
F,471
F,472
F,473
F,474
F,475
F,476
F,477
F,478
F,479
F,480
F,481
F,482
F,483
F,484
F,485
F,486
F,487
F,488
F,489
F,490
F,491
F,492
F,493
F,494
F,495
F,496
F,497
F,498
F,499
F,500
F,501
F,502
F,503
F,504
F,505
F,506
F,507
F,508
F,509
F,510
F,511
F,512
F,513
F,514
F,515
F,516
F,517
F,518
F,519
F,520
F,521
F,522
F,523
F,524
F,525
F,526
F,527
F,528
F,529
F,530
F,531
F,532
F,533
F,534
F,535
F,536
F,537
F,538
F,539
F,540
F,541
F,542
F,543
F,544
F,545
F,546
F,547
F,548
F,549
F,550
F,551
F,552
F,553
F,554
F,555
F,556
F,557
F,558
F,559
F,560
F,561
F,562
F,563
F,564
F,565
F,566
F,567
F,568
F,569
F,570
F,571
F,572
F,573
F,574
F,575
F,576
F,577
F,578
F,579
F,580
F,581
F,582
F,583
F,584
F,585
F,586
F,587
F,588
F,589
F,590
F,591
F,592
F,593
F,594
F,595
F,596
F,597
F,598
F,599
F,600
F,601
F,602
F,603
F,604
F,605
F,606
F,607
F,608
F,609
F,610
F,611
F,612
F,613
F,614
F,615
F,616
F,617
F,618
F,619
F,620
F,621
F,622
F,623
F,624
F,625
F,626
F,627
F,628
F,629
F,630
F,631
F,632
F,633
F,634
F,635
F,636
F,637
F,638
F,639
F,640
F,641
F,642
F,643
F,644
F,645
F,646
F,647
F,648
F,649
F,650
F,651
F,652
F,653
F,654
F,655
F,656
F,657
F,658
F,659
F,660
F,661
F,662
F,663
F,664
F,665
F,666
F,667
F,668
F,669
F,670
F,671
F,672
F,673
F,674
F,675
F,676
F,677
F,678
F,679
F,680
F,681
F,682
F,683
F,684
F,685
F,686
F,687
F,688
F,689
F,690
F,691
F,692
F,693
F,694
F,695
F,696
F,697
F,698
F,699
F,700
F,701
F,702
F,703
F,704
F,705
F,706
F,707
F,708
F,709
F,710
F,711
F,712
F,713
F,714
F,715
F,716
F,717
F,718
F,719
F,720
F,721
F,722
F,723
F,724
F,725
F,726
F,727
F,728
F,729
F,730
F,731
F,732
F,733
F,734
F,735
F,736
F,737
F,738
F,739
F,740
F,741
F,742
F,743
F,744
F,745
F,746
F,747
F,748
F,749
F,750
F,751
F,752
F,753
F,754
F,755
F,756
F,757
F,758
F,759
F,760
F,761
F,762
F,763
F,764
F,765
G,1
G,2
G,3
G,4
G,5
G,6
G,7
G,8
G,9
G,10
G,11
G,12
G,13
G,14
G,15
G,16
G,17
G,18
G,19
G,20
G,21
G,22
G,23
G,24
G,25
H,5
H,6
H,7
H,8
H,9
H,10
H,11
H,12
H,13
H,14
H,15
H,16
H,17
H,18
H,19
H,20
H,21
H,22
H,23
H,24
H,25
H,26
H,27
H,28
H,29
H,30
H,31
H,32
H,33
H,34
H,35
H,36
H,37
H,38
H,39
H,40
H,41
H,42
H,43
H,44
H,45
H,46
H,47
H,48
H,49
H,50
H,51
H,52
H,53
H,54
H,55
H,56
H,57
H,58
H,59
H,60
H,61
H,62
H,63
H,64
H,65
H,66
H,67
H,68
H,69
H,70
H,71
H,72
H,73
H,74
H,75
H,76
H,77
H,78
H,79
H,80
H,81
H,82
H,83
H,84
H,85
H,86
H,87
H,88
H,89
H,90
H,91
H,92
H,93
H,94
H,95
H,96
H,97
H,98
H,99
H,100
H,101
H,102
H,103
H,104
H,105
H,106
H,107
H,108
H,109
H,110
H,111
H,112
H,113
H,114
H,115
H,116
H,117
H,118
H,119
H,120
H,121
H,122
H,123
H,124
H,125
H,126
H,127
H,128
H,129
H,130
H,131
H,132
H,133
H,134
H,135
H,136
H,137
H,138
H,139
H,140
H,141
H,142
H,143
H,144
H,145
H,146
H,147
H,148
H,149
H,150
H,151
H,152
H,153
H,154
H,155
H,156
H,157
H,158
H,159
H,160
H,161
H,162
H,163
H,164
H,165
H,166
H,167
H,168
H,169
H,170
H,451
H,452
H,453
H,454
H,455
H,456
H,457
H,458
H,459
H,460
H,461
H,462
H,463
H,464
H,465
H,466
H,467
H,468
H,469
H,470
H,471
H,472
H,473
H,474
H,475
H,476
H,477
H,478
H,479
H,480
H,481
H,482
H,483
H,484
H,485
H,486
H,487
H,488
H,489
H,490
H,491
H,492
H,493
H,494
H,495
H,496
H,497
H,498
H,499
H,500
H,501
H,502
H,503
H,504
H,505
H,506
H,507
H,508
H,509
H,510
H,511
H,512
H,513
H,514
H,515
H,516
H,517
H,518
H,519
H,520
H,521
H,522
H,523
H,524
H,525
H,526
H,527
H,528
H,529
H,530
H,531
H,532
H,533
H,534
H,535
H,536
H,537
H,538
H,539
H,540
H,541
H,542
H,543
H,544
H,545
H,546
H,547
H,548
H,549
H,550
H,551
H,552
H,553
H,554
H,555
H,556
H,557
H,558
H,559
H,560
H,561
H,562
H,563
H,564
H,565
H,566
H,567
H,568
H,569
H,570
H,571
H,572
H,573
H,574
H,575
H,576
H,577
H,578
H,579
H,580
H,581
H,582
H,583
H,584
H,585
H,586
H,587
H,588
H,589
H,590
H,591
H,592
H,593
H,594
H,595
H,596
H,597
H,598
H,599
H,600
H,601
H,602
H,603
H,604
H,605
H,606
H,607
H,608
H,609
H,610
H,611
H,612
H,613
H,614
H,615
H,616
H,617
H,618
H,619
H,620
H,621
H,622
H,623
H,624
H,625
H,626
H,627
H,628
H,629
H,630
H,631
H,632
H,633
H,634
H,635
H,636
H,637
H,638
H,639
H,640
H,641
H,642
H,643
H,644
H,645
H,646
H,647
H,648
H,649
H,650
H,651
H,652
H,653
H,654
H,655
H,656
H,657
H,658
H,659
H,660
H,661
H,662
H,663
H,664
H,665
H,666
H,667
H,668
H,669
H,670
H,671
H,672
H,673
H,674
H,675
H,676
H,677
H,678
H,679
H,680
H,681
H,682
H,683
H,684
H,685
H,686
H,687
H,688
H,689
H,690
H,691
H,692
H,693
H,694
H,695
H,696
H,697
H,698
H,699
H,700
H,701
H,702
H,703
H,704
H,705
H,706
H,707
H,708
H,709
H,710
H,711
H,712
H,713
H,714
H,715
H,716
H,717
H,718
H,719
H,720
H,721
H,722
H,723
H,724
H,725
H,726
H,727
H,728
H,729
H,730
H,731
H,732
H,733
H,734
H,735
H,736
H,737
H,738
H,739
H,740
H,741
H,742
H,743
H,744
H,745
H,746
H,747
H,748
H,749
H,750
H,751
H,752
H,753
H,754
H,755
H,756
H,757
H,758
H,759
H,760
H,761
H,762
H,763
H,764
H,765
H,766
H,767
I,9
I,10
I,11
I,12
I,13
I,14
I,15
I,16
I,17
I,18
I,19
I,20
I,21
I,22
I,23
I,24
I,25
I,26
I,27
I,28
I,29
I,30
I,31
I,32
I,33
I,34
I,35
I,36
I,37
I,38
I,39
I,40
I,41
I,42
I,43
I,44
I,45
I,46
I,47
I,48
I,49
I,50
I,51
I,52
I,53
I,54
I,55
I,56
I,57
I,58
I,59
I,60
I,61
I,62
I,63
I,64
I,65
I,66
I,67
I,68
I,69
I,70
I,71
I,72
I,73
I,74
I,75
I,76
I,77
I,78
I,79
I,80
I,81
I,82
I,83
I,84
I,85
I,86
I,87
I,88
I,89
I,90
I,91
I,92
I,93
I,94
I,95
I,96
I,97
I,98
I,99
I,100
I,101
I,102
I,103
I,104
I,105
I,106
I,107
I,108
I,109
I,110
I,111
I,112
I,113
I,114
I,115
I,116
I,117
I,118
I,119
I,120
I,121
I,122
I,123
I,124
I,125
I,126
I,127
I,128
I,129
I,132
I,133
I,134
I,135
I,136
I,137
I,138
I,139
I,140
I,141
I,142
I,143
I,144
I,145
I,146
I,147
I,148
I,164
I,165
I,166
I,167
I,168
I,169
I,170
I,171
I,172
I,173
I,174
I,175
I,176
I,177
I,178
I,179
I,180
I,181
I,182
I,183
I,184
I,185
I,186
I,187
I,188
I,189
I,190
I,191
I,192
I,193
I,194
I,195
I,196
I,197
I,198
I,199
I,200
I,201
I,202
I,203
I,204
I,205
I,206
I,207
I,208
I,209
I,210
I,211
I,212
I,213
I,214
I,215
I,216
I,217
I,218
I,219
I,220
I,221
I,222
I,223
I,224
I,225
I,226
I,227
I,228
I,229
I,230
I,231
I,232
I,233
I,234
I,235
I,236
I,237
I,238
I,239
I,240
I,241
I,242
I,243
I,244
I,245
I,246
I,247
I,248
I,249
I,250
I,251
I,252
I,253
I,254
I,255
I,256
I,257
I,258
I,259
I,260
I,261
I,262
I,263
I,264
I,265
I,266
I,267
I,268
I,269
I,270
I,271
I,272
I,273
I,274
I,275
I,276
I,277
I,278
I,279
I,280
I,281
I,282
I,283
I,284
I,285
I,286
I,287
I,288
I,289
I,290
I,291
I,298
I,299
I,300
I,301
I,302
I,303
I,304
I,305
I,306
I,307
I,308
I,309
I,310
I,311
I,312
I,313
I,314
I,315
I,316
I,317
I,318
I,319
I,320
I,321
I,322
I,323
I,324
I,325
I,326
I,327
I,328
I,329
I,330
I,331
I,332
I,333
I,334
I,335
I,336
I,337
I,338
I,339
I,340
I,341
I,342
I,343
I,344
I,345
I,346
I,347
I,348
I,349
I,350
I,351
I,352
I,353
I,354
I,355
I,356
I,357
I,358
I,359
I,360
I,361
I,362
I,363
I,364
I,365
I,366
I,367
I,368
I,369
I,370
I,371
I,372
I,373
I,374
I,375
I,376
I,377
I,378
I,379
I,380
I,381
I,382
I,383
I,384
I,385
I,386
I,387
I,388
I,389
I,390
I,391
I,392
I,393
I,394
I,395
I,396
I,397
I,398
I,399
I,400
I,401
I,402
I,403
I,404
I,405
I,406
I,407
I,408
I,409
I,410
I,411
I,412
I,413
I,414
I,415
I,416
I,417
I,418
I,419
I,420
I,421
I,422
I,423
I,424
I,425
I,426
I,427
I,428
I,429
I,439
I,440
I,441
I,442
I,443
I,444
I,445
I,446
I,447
I,448
I,449
I,450
I,451
I,452
I,453
I,454
I,455
I,456
I,473
I,474
I,475
I,476
I,477
I,478
I,479
I,480
I,481
I,482
I,483
I,484
I,485
I,486
I,487
I,488
I,489
I,490
I,491
I,492
I,493
I,494
I,495
I,496
I,497
I,498
I,499
I,500
I,501
I,502
I,503
I,504
I,505
I,506
I,507
I,508
I,509
I,510
I,511
I,512
I,513
I,514
I,515
I,516
I,517
I,518
I,519
I,520
I,521
I,522
I,523
I,524
I,525
I,526
I,527
I,528
I,529
I,530
I,531
I,532
I,533
I,534
I,535
I,536
I,537
I,538
I,539
I,540
I,541
I,542
I,543
I,544
I,545
I,546
I,547
I,548
I,549
I,550
I,551
I,552
I,553
I,554
I,555
I,556
I,557
I,558
I,559
I,560
I,561
I,562
I,563
I,564
I,565
I,566
I,567
I,568
I,569
I,570
I,571
I,572
I,573
I,574
I,575
I,576
I,577
I,578
I,579
I,580
I,581
I,582
I,583
I,584
I,585
I,586
I,587
I,588
I,589
I,590
I,591
I,592
I,593
I,594
I,595
I,596
I,597
I,598
I,599
I,600
I,601
I,602
I,603
I,604
I,605
I,606
I,607
I,608
I,609
I,610
I,611
I,612
I,613
I,614
I,615
I,616
I,617
I,618
I,619
I,620
I,621
I,622
I,623
I,624
I,625
I,626
I,627
I,628
I,629
I,630
I,631
I,632
I,633
I,634
I,635
I,636
I,637
I,638
I,639
I,640
I,641
I,642
I,643
I,644
I,645
I,646
I,647
I,648
I,649
I,650
I,651
I,652
I,653
I,654
I,655
I,656
I,657
I,658
I,659
I,660
I,661
I,662
I,663
I,664
I,665
I,666
I,667
I,668
I,669
I,670
I,671
I,672
I,673
I,674
I,675
I,676
I,677
I,678
I,679
I,680
I,681
I,682
I,683
I,684
I,685
I,686
I,687
I,688
I,689
I,690
I,691
I,692
I,693
I,694
I,695
I,696
I,697
I,698
I,699
I,700
I,701
I,702
I,703
I,704
I,705
I,706
I,707
I,708
I,709
I,710
I,711
I,712
I,713
I,714
I,715
I,716
I,717
I,718
I,719
I,720
I,721
I,722
I,723
I,724
I,725
I,726
I,727
I,728
I,729
I,730
I,731
I,732
I,733
I,734
I,735
I,736
I,737
I,738
I,739
I,740
I,741
I,742
I,743
I,744
I,745
I,746
I,747
I,748
I,749
J,2
J,3
J,4
J,5
J,6
J,7
J,8
J,9
J,10
J,11
J,12
J,13
J,14
J,15
J,16
J,17
J,18
J,19
J,20
J,21
J,22
J,23
J,24
J,25
J,26
J,27
J,28
J,29
J,30
J,31
J,32
J,33
J,34
J,35
J,36
J,37
J,38
J,39
J,40
J,41
J,42
J,43
J,44
J,45
J,46
J,47
J,48
J,49
J,50
J,51
J,52
J,53
J,54
J,55
J,56
J,57
J,58
J,59
J,60
J,61
J,62
J,63
J,64
J,65
J,66
J,67
J,68
J,69
J,70
J,71
J,72
J,73
J,74
J,75
J,76
J,77
J,78
J,79
J,80
J,81
J,82
J,83
J,84
J,85
J,86
J,87
J,88
J,89
J,90
J,91
J,92
J,93
J,94
J,95
J,124
J,125
J,126
J,127
J,128
J,129
J,130
J,131
J,132
J,133
J,134
J,135
J,136
J,137
J,138
J,139
J,140
J,141
J,142
J,143
J,144
J,145
J,146
J,147
J,148
J,149
J,150
J,151
J,152
J,153
J,154
J,155
J,156
J,157
J,158
J,159
J,160
J,161
J,162
J,163
J,164
J,165
J,166
J,167
J,168
J,169
J,170
J,171
J,172
J,173
J,174
J,175
J,176
J,177
J,178
J,179
J,180
J,181
J,182
J,183
J,184
J,185
J,186
J,187
J,188
J,189
J,190
J,191
J,192
J,193
J,194
J,195
J,196
J,197
J,198
J,199
J,200
J,201
J,202
J,203
J,204
J,205
J,206
J,207
J,208
J,209
J,210
J,211
J,212
J,213
J,214
J,215
J,216
J,217
J,218
J,219
J,220
J,221
J,222
J,223
J,224
J,225
J,226
J,227
J,228
J,229
J,230
J,231
J,232
J,233
J,234
J,235
J,236
J,237
J,238
J,239
J,240
J,241
J,242
J,243
J,244
J,245
J,246
J,247
J,248
J,249
J,250
J,251
J,252
J,253
J,254
J,255
J,256
J,257
J,258
J,259
J,260
J,261
J,262
J,263
J,264
J,265
J,266
J,267
J,268
J,269
J,270
J,271
J,272
J,273
J,274
J,275
J,276
J,277
J,278
J,279
J,280
J,281
J,282
J,283
J,284
J,285
J,286
J,287
J,288
J,289
J,290
J,291
J,292
J,293
J,294
J,295
J,296
J,297
J,298
J,299
J,300
J,301
J,302
J,303
J,304
J,305
J,306
J,307
J,308
J,309
J,310
J,311
J,312
J,313
J,314
J,315
J,316
J,317
J,318
J,319
J,320
J,321
J,322
J,323
J,324
J,325
J,326
J,327
J,328
J,329
J,330
J,331
J,332
J,333
J,334
J,335
J,336
J,337
J,338
J,339
J,340
J,341
J,342
J,343
J,344
J,345
J,346
J,347
J,348
J,349
J,350
J,351
J,352
J,353
J,354
J,355
J,356
J,357
J,358
J,359
J,360
J,361
J,362
J,363
J,364
J,365
J,366
J,367
J,368
J,369
J,370
J,371
J,372
J,373
J,374
J,375
J,376
J,377
J,378
J,379
J,380
J,381
J,382
J,383
J,384
J,385
J,386
J,387
J,388
J,389
J,390
J,391
J,392
J,393
J,394
J,395
J,396
J,397
J,398
J,399
J,400
J,401
J,402
J,403
J,404
J,405
J,406
J,407
J,408
J,409
J,410
J,411
J,412
J,413
J,414
J,415
J,416
J,417
J,418
J,419
J,420
J,421
J,422
J,423
J,424
J,425
J,426
J,427
J,428
J,429
J,430
J,431
J,432
J,433
J,434
J,435
J,436
J,437
J,438
J,439
J,440
J,441
J,442
J,443
J,444
J,445
J,446
J,447
J,448
J,449
J,450
J,451
J,452
J,453
J,454
J,455
J,456
J,457
J,458
J,459
J,460
J,461
J,462
J,463
J,464
J,465
J,466
J,467
J,468
J,469
J,470
J,471
J,472
J,473
J,474
J,475
J,476
J,477
J,478
J,479
J,480
J,481
J,482
J,483
J,484
J,485
J,486
J,487
J,488
J,489
J,490
J,491
J,492
J,493
J,494
J,495
J,496
J,497
J,498
J,499
J,500
J,501
J,502
J,503
J,504
J,505
J,506
J,507
J,508
J,509
J,510
J,511
J,512
J,513
J,514
J,515
J,516
J,517
J,518
J,519
J,520
J,521
J,522
J,523
J,524
J,525
J,526
J,527
J,528
J,529
J,530
J,531
J,532
J,533
K,2
K,3
K,4
K,5
K,6
K,7
K,8
K,9
K,10
K,11
K,12
K,13
K,14
K,15
K,16
K,17
K,18
K,19
K,20
K,21
K,22
K,23
K,24
K,25
K,26
K,27
K,28
K,29
K,30
K,31
K,32
K,33
K,34
K,35
K,36
K,37
K,38
K,39
K,40
K,41
K,42
K,43
K,44
K,45
K,46
K,47
K,48
K,49
K,50
K,51
K,52
K,53
K,54
K,55
K,56
K,57
K,58
K,59
K,60
K,61
K,62
K,63
K,64
K,65
K,66
K,67
K,68
K,69
K,70
K,71
K,72
K,73
K,74
K,75
K,76
K,77
K,78
K,79
K,80
K,81
K,82
K,83
K,84
K,85
K,86
K,87
K,88
K,89
K,90
K,91
K,92
K,93
K,127
K,128
K,129
K,130
K,131
K,132
K,133
K,134
K,135
K,136
K,137
K,138
K,139
K,140
K,141
K,142
K,143
K,144
K,145
K,146
K,147
K,148
K,149
K,150
K,151
K,152
K,153
K,154
K,155
K,156
K,157
K,158
K,159
K,160
K,161
K,162
K,163
K,164
K,165
K,166
K,167
K,168
K,169
K,170
K,171
K,172
K,173
K,174
K,175
K,176
K,177
K,178
K,179
K,180
K,181
K,182
K,183
K,184
K,185
K,186
K,187
K,188
K,189
K,190
K,191
K,192
K,193
K,194
K,195
K,196
K,197
K,198
K,199
K,200
K,201
K,202
K,203
K,204
K,205
K,206
K,207
K,208
K,209
K,210
K,211
K,212
K,213
K,214
K,215
K,216
K,217
K,218
K,219
K,220
K,221
K,222
K,223
K,224
K,225
K,226
K,227
K,228
K,229
K,230
K,231
K,232
K,233
K,234
K,235
K,236
K,237
K,238
K,239
K,240
K,241
K,242
K,243
K,244
K,245
K,246
K,247
K,248
K,249
K,250
K,251
K,252
K,253
K,254
K,255
K,256
K,257
K,258
K,259
K,260
K,261
K,262
K,263
K,264
K,265
K,266
K,267
K,268
K,269
K,270
K,271
K,272
K,273
K,274
K,275
K,276
K,277
K,278
K,279
K,280
K,281
K,282
K,283
K,284
K,285
K,286
K,287
K,288
K,289
K,290
K,291
K,292
K,293
K,294
K,295
K,296
K,297
K,298
K,299
K,300
K,301
K,302
K,303
K,304
K,305
K,306
K,307
K,308
K,309
K,310
K,311
K,312
K,313
K,314
K,315
K,316
K,317
K,318
K,319
K,320
K,321
K,322
K,323
K,324
K,325
K,326
K,327
K,328
K,329
K,330
K,331
K,332
K,333
K,334
K,335
K,336
K,337
K,338
K,339
K,340
K,341
K,342
K,343
K,344
K,345
K,346
K,347
K,348
K,349
K,350
K,351
K,352
K,353
K,354
K,355
K,356
K,357
K,358
K,359
K,360
K,361
K,362
K,363
K,364
K,365
K,366
K,367
K,368
K,369
K,370
K,371
K,372
K,373
K,374
K,375
K,376
K,377
K,378
K,379
K,380
K,381
K,382
K,383
K,384
K,385
K,386
K,387
K,388
K,389
K,390
K,391
K,392
K,393
K,394
K,395
K,396
K,397
K,398
K,399
K,400
K,401
K,402
K,403
K,404
K,405
K,406
K,407
K,408
K,409
K,410
K,411
K,412
K,413
K,414
K,415
K,416
K,417
K,418
K,419
K,420
K,421
K,422
K,423
K,424
K,425
K,426
K,427
K,428
K,429
K,430
K,431
K,432
K,433
K,434
K,435
K,436
K,437
K,438
K,439
K,440
K,441
K,442
K,443
K,444
K,445
K,446
K,447
K,448
K,449
K,450
K,451
K,452
K,453
K,454
K,455
K,456
K,457
K,458
K,459
K,460
K,461
K,462
K,463
K,464
K,465
K,466
K,467
K,468
K,469
K,470
K,471
K,472
K,473
K,474
K,475
K,476
K,477
K,478
K,479
K,480
K,481
K,482
K,483
K,484
K,485
K,486
K,487
K,488
K,489
K,490
K,491
K,492
K,493
K,494
K,495
K,496
K,497
K,498
K,499
K,500
K,501
K,502
K,503
K,504
K,505
K,506
K,507
K,508
K,509
K,510
K,511
K,512
K,513
K,514
K,515
K,516
K,517
K,518
K,519
K,520
K,521
K,522
K,523
K,524
K,525
K,526
K,527
L,11
L,12
L,13
L,14
L,15
L,16
L,17
L,18
L,19
L,20
L,21
L,22
L,23
L,24
L,25
L,26
L,27
L,28
L,29
L,30
L,31
L,32
L,33
L,34
L,35
L,36
L,37
L,38
L,39
L,40
L,41
L,42
L,43
L,44
L,45
L,46
L,47
L,48
L,49
L,50
L,51
L,52
L,53
L,54
L,55
L,56
L,57
L,58
L,59
L,60
L,61
L,62
L,63
L,64
L,65
L,66
L,67
L,68
L,69
L,70
L,71
L,72
L,73
L,74
L,75
L,76
L,77
L,78
L,79
L,80
L,81
L,82
L,83
L,84
L,85
L,86
L,87
L,88
L,89
L,90
L,91
L,92
L,93
L,94
L,95
L,96
L,97
L,98
L,99
L,100
L,101
L,102
L,103
L,104
L,105
L,106
L,107
L,108
L,109
L,110
L,111
L,112
L,113
L,114
L,115
L,116
L,117
L,118
L,119
L,120
L,121
L,122
L,123
L,124
L,125
L,126
L,127
L,128
L,129
L,130
L,131
L,132
L,133
L,134
L,135
L,136
L,137
L,138
L,139
L,140
L,141
L,142
L,143
L,144
L,145
L,146
L,147
L,148
L,149
L,150
L,151
L,152
L,153
L,154
L,155
L,156
L,157
L,158
L,159
L,160
L,161
L,162
L,163
L,164
L,165
L,166
L,167
L,168
L,169
L,170
L,171
L,172
L,173
L,174
L,175
L,176
L,177
L,178
L,179
L,180
L,181
L,182
L,183
L,184
M,1
M,2
M,3
M,4
M,5
M,6
M,7
M,8
M,9
M,10
M,11
M,12
M,13
M,14
M,15
M,16
M,17
M,18
M,19
M,20
M,21
M,22
M,23
M,24
M,25
M,26
M,27
M,28
M,29
M,30
M,31
M,32
M,33
M,54
M,55
M,56
M,57
M,58
M,59
M,60
M,61
M,62
M,63
M,64
M,65
M,66
M,67
N,15
N,16
N,17
N,18
N,19
N,20
N,21
N,22
N,23
N,24
N,25
N,26
N,27
N,28
N,29
N,53
N,54
N,55
N,56
N,57
N,58
N,59
N,60
N,61
N,62
N,63
N,64
N,65
N,70
N,71
N,72
N,73
N,74
N,75
N,76
N,77
N,78
N,79
N,80
N,81
N,82
N,83
N,84
N,85
N,86
N,87
N,88
N,89
N,90
N,91
N,92
N,93
N,94
N,95
N,96
N,97
N,98
N,99
N,100
N,101
N,102
N,107
N,108
N,109
N,110
N,111
N,112
N,113
N,114
N,115
N,116
N,117
N,118
N,119
N,120
N,121
N,122
N,123
N,124
N,125
N,126
N,127
N,128
N,129
N,130
N,131
N,132
N,133
N,134
N,135
N,136
N,137
N,138
N,139
N,140
N,141
N,142
N,143
N,144
N,145
N,146
N,147
N,148
N,149
N,150
N,151
N,152
N,153
N,154
N,155
N,156
N,157
N,158
N,159
N,160
N,161
N,162
N,163
N,164
N,165
N,166
N,167
N,168
N,169
N,170
N,171
N,172
N,173
N,174
N,175
N,176
N,177
N,178
N,179
N,180
N,181
N,182
N,183
N,184
N,185
N,186
N,187
N,188
N,189
N,190
N,191
N,232
N,233
N,234
N,235
N,236
N,237
N,238
N,239
N,240
N,241
N,242
N,243
N,244
N,245
N,246
N,247
N,248
N,249
N,250
N,251
N,252
N,253
N,254
N,255
N,256
N,257
N,258
N,259
N,260
N,261
N,262
N,263
N,264
N,265
N,266
N,267
N,268
N,269
N,270
N,271
N,272
N,273
N,274
N,275
N,276
N,277
N,278
N,279
N,280
N,281
N,282
N,283
N,284
N,285
N,286
N,287
N,288
N,289
N,290
N,291
N,292
N,293
N,294
N,295
N,296
N,297
N,298
N,299
N,300
N,301
N,302
N,303
N,304
N,320
N,321
N,322
N,323
N,324
N,325
N,326
N,327
N,328
N,329
N,330
N,331
N,332
N,333
N,334
N,335
N,336
N,337
N,338
N,339
N,340
N,341
N,342
N,343
N,344
N,345
N,346
N,347
N,348
N,349
N,350
N,351
N,352
N,353
N,354
N,355
N,356
N,357
N,358
N,359
N,360
N,361
N,362
N,363
N,364
N,365
N,366
N,367
N,368
N,369
N,370
N,371
N,372
N,373
N,374
N,375
N,376
N,377
N,378
N,379
N,380
N,381
N,382
N,383
N,384
N,385
N,386
N,387
N,388
N,389
N,390
N,391
N,392
N,393
N,394
N,395
N,396
N,397
N,398
N,399
N,400
N,401
N,402
N,403
N,404
N,405
N,406
N,407
N,408
N,409
N,410
N,411
N,412
N,413
N,414
N,415
N,416
N,417
N,418
N,419
N,420
N,421
N,422
N,423
N,424
N,425
N,426
N,427
N,428
N,429
N,430
N,431
N,432
N,433
N,434
N,435
N,436
N,437
N,438
N,439
N,440
N,441
N,442
N,443
N,451
N,452
N,453
N,454
N,455
N,456
N,457
N,458
N,495
N,496
N,497
N,498
N,499
N,500
N,501
N,502
N,503
N,504
N,505
N,506
N,507
N,508
N,509
N,510
N,511
N,512
N,513
N,514
N,515
N,516
N,517
N,518
N,519
N,520
N,521
N,522
N,523
N,524
N,525
N,526
N,527
N,528
N,529
N,530
N,531
N,532
N,533
N,534
N,535
N,536
N,537
N,538
N,539
N,540
N,541
N,542
N,543
N,544
N,545
N,546
N,547
N,548
N,549
N,550
N,551
N,552
N,553
N,554
N,555
N,556
N,557
N,558
N,559
N,560
N,561
N,562
N,563
N,564
N,565
N,566
N,567
N,568
N,569
N,570
N,571
N,572
N,573
N,574
N,575
N,576
N,577
N,578
N,579
N,580
N,581
N,582
N,583
N,584
N,585
N,586
N,587
N,588
N,589
N,590
N,591
N,592
N,593
N,594
N,595
N,596
N,597
N,598
N,599
N,600
N,601
N,602
N,603
N,604
N,605
N,606
N,607
N,608
N,609
N,610
N,611
N,612
N,613
N,614
N,615
N,616
N,617
N,618
N,619
N,620
N,621
N,622
N,623
N,624
N,625
N,626
N,627
N,628
N,629
N,630
N,631
N,632
N,633
N,634
N,635
N,636
N,637
N,638
N,639
N,640
N,641
N,642
N,643
N,644
N,645
N,646
N,647
N,648
N,649
N,650
N,651
N,652
N,653
N,654
N,655
N,656
N,657
N,658
N,659
N,660
N,661
N,662
N,663
N,664
N,665
N,666
N,667
N,668
N,669
N,670
N,671
N,672
N,673
N,674
N,675
N,676
N,677
N,678
N,679
N,680
N,681
N,682
N,683
N,684
N,685
N,686
N,687
N,688
N,689
N,690
N,691
N,692
N,693
N,694
N,695
N,696
N,697
N,698
N,699
N,700
N,701
N,702
N,703
N,704
N,705
N,706
N,707
N,708
N,709
N,710
N,711
N,712
N,713
N,714
N,715
N,716
N,717
N,718
N,719
N,720
N,751
N,752
N,753
N,754
N,755
N,756
N,757
N,758
N,759
N,760
N,761
N,762
N,763
N,764
N,765
N,766
N,767
N,768
N,769
N,770
N,771
N,772
N,773
N,774
N,775
N,776
N,777
N,778
N,779
N,780
N,781
N,782
N,783
N,784
N,785
N,786
N,787
N,788
N,789
N,790
N,791
N,792
N,793
N,794
N,795
N,796
N,797
N,798
N,799
N,800
N,801
N,802
N,803
N,804
N,805
N,806
N,807
N,808
N,809
N,810
N,811
N,812
N,813
N,814
N,815
N,816
N,817
N,818
O,27
O,28
O,29
O,30
O,31
O,32
O,33
O,34
O,35
O,36
O,37
O,38
O,39
O,40
O,41
O,42
O,43
O,44
O,45
O,46
O,47
O,48
O,49
O,50
O,51
O,52
O,53
O,54
O,55
O,56
O,57
O,58
O,59
O,60
O,61
O,62
O,63
O,64
O,65
O,66
O,67
O,68
O,69
O,70
O,71
O,72
O,73
O,74
O,75
O,76
O,77
O,78
O,79
O,80
O,81
O,82
O,83
O,84
O,85
O,86
O,87
O,88
O,89
O,90
O,91
O,92
O,93
O,94
O,95
O,96
O,97
O,98
O,99
O,100
O,101
O,102
O,103
O,104
O,105
O,106
O,107
O,108
O,109
O,110
O,111
O,112
O,113
O,114
O,115
O,116
O,117
O,118
O,119
O,125
O,126
O,127
O,128
O,129
O,130
O,131
O,132
O,133
O,134
O,135
O,136
O,137
O,138
O,139
O,140
O,141
O,142
O,143
O,144
O,145
O,146
O,147
O,148
O,149
O,150
O,151
O,152
O,153
O,154
O,155
O,156
O,157
O,158
O,159
O,160
O,161
O,162
O,163
O,164
O,165
O,166
O,167
O,168
O,206
O,207
O,208
O,209
O,210
O,211
O,212
O,213
O,214
O,215
O,216
O,217
O,218
O,219
O,220
O,221
O,222
O,223
O,224
O,225
O,226
O,227
O,228
O,229
O,230
O,231
O,232
O,233
O,234
O,235
O,236
O,237
O,238
O,239
O,240
O,241
O,242
O,243
O,244
O,245
O,246
O,247
O,248
O,249
O,250
O,251
O,252
O,253
O,254
O,255
O,256
O,257
O,258
O,259
O,260
O,261
O,262
O,263
O,264
O,265
O,266
O,267
O,268
O,269
O,270
O,271
O,272
O,273
O,274
O,275
O,276
O,277
O,278
O,279
O,280
O,281
O,282
O,283
O,298
O,299
O,300
O,301
O,302
O,303
O,304
O,305
O,306
O,307
O,308
O,309
O,310
O,311
O,312
O,313
O,314
O,315
O,316
O,317
O,318
O,319
O,320
O,321
O,322
O,323
O,324
O,325
O,326
O,327
O,328
O,329
O,330
O,331
O,332
O,333
O,334
O,335
O,336
O,337
O,338
O,339
O,340
O,341
O,342
O,343
O,344
O,345
O,346
O,347
O,348
O,349
O,350
O,351
O,352
O,414
O,415
O,416
O,417
O,418
O,419
O,420
O,421
O,422
O,423
O,424
O,425
O,426
O,427
O,428
O,429
O,430
O,431
O,432
O,433
O,434
O,435
O,436
O,437
O,438
O,439
O,440
O,441
O,442
O,443
O,444
O,445
O,446
O,447
O,448
O,449
O,450
O,451
O,459
O,460
O,461
O,462
O,463
O,464
O,465
O,466
O,467
O,468
O,469
O,470
O,471
O,472
O,473
O,474
O,475
O,476
O,477
O,478
O,479
O,480
O,481
O,482
O,483
O,484
O,485
O,486
O,487
O,488
O,489
O,490
O,491
O,492
O,493
O,494
O,495
O,496
O,497
O,498
O,499
O,500
O,501
O,502
O,503
O,504
O,505
O,506
O,507
O,508
O,509
O,510
O,511
O,512
O,513
O,514
O,515
O,516
O,517
O,518
O,519
O,520
O,521
O,522
O,523
O,524
O,525
O,526
O,527
O,528
O,529
O,530
O,531
O,532
O,533
O,534
O,535
O,536
O,537
O,538
O,539
O,540
O,541
O,542
O,543
O,544
O,545
O,546
O,547
O,548
O,549
O,550
O,551
O,552
O,553
O,554
O,555
O,556
O,557
O,558
O,559
O,560
O,561
O,562
O,563
O,564
O,565
O,566
O,567
O,568
O,569
O,570
O,571
O,572
O,573
O,574
O,575
O,576
O,577
O,578
O,579
O,580
O,581
O,582
O,583
O,584
O,585
O,586
O,587
O,588
O,589
O,590
O,591
O,592
O,593
O,594
O,595
O,596
O,597
O,598
O,599
O,600
O,601
O,602
O,603
O,604
O,605
O,606
O,607
O,608
O,609
O,610
O,611
O,612
O,613
O,614
O,615
O,616
O,617
O,618
O,619
O,620
O,621
O,622
O,623
O,624
O,625
O,626
O,627
O,628
O,629
O,630
O,631
O,632
O,633
O,634
O,635
O,636
O,637
O,638
O,639
O,640
O,641
O,642
O,643
O,644
O,645
O,646
O,647
O,648
O,649
O,650
O,651
O,652
O,653
O,654
O,655
O,656
O,657
O,658
O,659
O,660
O,661
O,662
O,663
O,664
O,665
O,666
O,667
O,668
O,669
O,670
O,671
O,672
O,673
O,674
O,675
O,676
O,677
O,678
O,679
O,680
O,681
O,682
O,683
O,684
O,685
O,686
O,687
O,688
O,689
O,690
O,691
O,692
O,693
O,694
O,695
O,696
O,697
O,698
O,699
O,700
O,701
O,702
O,703
O,704
O,705
O,706
O,707
O,708
O,709
O,710
O,711
O,712
O,713
O,714
O,715
O,716
O,717
O,718
O,719
O,720
O,721
O,722
O,723
O,724
O,725
O,726
O,727
O,728
O,729
O,730
O,731
O,732
O,733
O,734
O,735
O,736
O,737
O,738
O,739
O,740
O,741
O,742
O,743
O,744
O,745
O,746
O,749
O,750
O,751
O,752
O,753
O,754
O,755
P,26
P,27
P,28
P,29
P,30
P,31
P,32
P,33
P,34
P,35
P,36
P,37
P,38
P,39
P,40
P,41
P,42
P,43
P,44
P,45
P,46
P,47
P,48
P,49
P,50
P,51
P,52
P,53
P,54
P,55
P,56
P,57
P,58
P,59
P,60
P,61
P,62
P,63
P,64
P,65
P,66
P,67
P,68
P,69
P,70
P,71
P,72
P,73
P,74
P,75
P,76
P,77
P,78
P,79
P,80
P,81
P,82
P,83
P,84
P,85
P,86
P,87
P,88
P,89
P,90
P,91
P,92
P,93
P,94
P,95
P,96
P,97
P,98
P,99
P,100
P,101
P,102
P,103
P,104
P,105
P,106
P,107
P,108
P,109
P,110
P,111
P,112
P,113
P,114
P,115
P,116
P,117
P,118
P,119
P,120
P,121
P,122
P,123
P,124
P,125
P,126
P,127
P,128
P,129
P,130
P,131
P,132
P,133
P,134
P,147
P,148
P,149
P,150
P,151
P,152
P,153
P,154
P,155
P,156
P,157
P,158
P,159
P,160
P,161
P,162
P,163
P,164
P,165
P,166
P,167
P,168
P,169
P,170
P,171
P,172
P,173
P,174
P,175
P,176
P,177
P,178
P,179
P,180
P,181
P,182
P,183
P,184
P,185
P,186
P,187
P,188
P,189
P,190
P,191
P,192
P,193
P,194
P,195
P,196
P,197
P,198
P,199
P,200
P,201
P,202
P,203
P,204
P,205
P,206
P,207
P,208
P,209
P,210
P,211
P,212
P,213
P,214
P,215
P,216
P,217
P,218
P,219
P,220
P,221
P,222
P,223
P,224
P,225
P,226
P,227
P,228
P,229
P,230
P,231
P,232
P,233
P,234
P,235
P,236
P,237
P,238
P,239
P,240
P,241
P,242
P,243
P,244
P,245
P,246
P,247
P,248
P,249
P,250
P,251
P,252
P,253
P,254
P,255
P,256
P,257
P,258
P,259
P,260
P,261
P,262
P,263
P,264
P,265
P,266
P,267
P,268
P,269
P,270
P,271
P,272
P,273
P,274
P,275
P,276
P,277
P,278
P,279
P,280
P,281
P,282
P,283
P,284
P,285
P,286
P,287
P,288
P,289
P,290
P,291
P,292
P,293
P,294
P,295
P,296
P,297
P,298
P,299
P,300
P,301
P,302
P,303
P,304
P,305
P,306
P,307
P,308
P,309
P,310
P,311
P,312
P,313
P,314
P,315
P,316
P,317
P,318
P,319
P,320
P,321
P,322
P,323
P,324
P,325
P,326
P,327
P,328
P,329
P,330
P,331
P,332
P,333
P,334
P,335
P,336
P,337
P,338
P,339
P,340
P,341
P,342
P,343
P,344
P,345
P,346
P,347
P,348
P,349
P,350
P,351
P,352
P,353
P,354
P,355
P,356
P,357
P,358
P,359
P,360
P,361
P,362
P,363
P,364
P,365
P,366
P,367
P,368
P,369
P,370
P,371
P,372
P,373
P,374
P,375
P,376
P,377
P,378
P,379
P,380
P,381
P,382
P,383
P,384
P,385
P,386
P,387
P,388
P,389
P,390
P,391
P,392
P,393
P,394
P,395
P,396
P,397
P,398
P,399
P,400
P,401
P,402
P,403
P,404
P,405
P,406
P,407
P,408
P,409
P,410
P,411
P,412
P,413
P,414
P,415
P,416
P,417
P,418
P,419
P,420
P,421
P,422
P,423
P,424
P,425
P,426
P,427
P,428
P,429
P,430
P,431
P,432
P,433
P,434
P,435
P,436
P,437
P,438
P,439
P,440
P,441
P,442
P,443
P,444
P,445
P,446
P,447
P,448
P,449
P,450
P,451
P,452
P,453
P,454
P,455
P,456
P,457
P,458
P,459
P,460
P,461
P,462
P,463
P,464
P,465
P,466
P,467
P,468
P,469
P,470
P,471
P,472
P,473
P,474
P,475
P,476
P,477
P,478
Q,29
Q,30
Q,31
Q,32
Q,33
Q,34
Q,35
Q,36
Q,37
Q,38
Q,39
Q,40
Q,41
Q,42
Q,43
Q,44
Q,45
Q,46
Q,47
Q,48
Q,49
Q,50
Q,51
Q,52
Q,53
Q,54
Q,55
Q,56
Q,57
Q,58
Q,59
Q,60
Q,61
Q,62
Q,63
Q,64
Q,65
Q,66
Q,67
Q,68
Q,69
Q,70
Q,71
Q,72
Q,73
Q,74
Q,75
Q,76
Q,77
Q,78
Q,79
Q,80
Q,81
Q,82
Q,83
Q,84
Q,85
Q,86
Q,87
Q,88
Q,89
Q,90
Q,91
Q,92
Q,93
Q,94
Q,95
Q,96
Q,97
Q,98
Q,99
Q,100
Q,101
Q,102
Q,103
Q,104
Q,105
Q,106
Q,107
Q,108
Q,109
Q,110
Q,111
Q,112
Q,113
Q,114
Q,115
Q,116
Q,117
Q,118
Q,119
Q,120
Q,121
Q,122
Q,123
Q,124
Q,125
Q,126
Q,127
Q,128
Q,129
Q,130
Q,131
Q,132
Q,133
Q,134
Q,135
Q,136
Q,137
Q,138
Q,139
Q,140
Q,141
Q,142
Q,143
Q,144
Q,145
Q,146
Q,147
Q,148
Q,149
Q,150
Q,151
Q,152
Q,153
Q,154
Q,155
Q,156
Q,157
Q,158
Q,159
Q,160
Q,161
Q,162
Q,163
Q,164
Q,165
Q,166
Q,167
Q,168
Q,169
Q,170
Q,171
Q,172
Q,173
R,73
R,74
R,75
R,76
R,77
R,78
R,79
R,80
R,81
R,82
R,83
R,84
R,85
R,86
R,87
R,88
R,89
R,90
R,91
R,92
R,93
R,94
R,95
R,96
R,97
R,98
R,99
R,107
R,108
R,109
R,110
R,111
R,112
R,113
R,114
R,115
R,116
R,117
R,118
R,119
R,120
R,121
R,122
R,123
R,124
R,125
R,126
R,127
R,128
R,129
R,130
R,131
R,132
R,133
R,134
R,135
R,168
R,169
R,170
R,171
R,172
R,173
R,174
R,175
R,176
R,177
R,178
R,179
R,180
R,181
R,182
R,183
R,184
R,185
R,186
R,187
R,188
R,189
R,190
R,191
R,192
R,193
R,194
R,195
R,196
R,197
R,198
R,199
R,200
R,201
R,202
R,203
R,204
R,205
R,206
R,207
R,208
R,209
R,210
R,211
R,212
R,213
R,214
R,215
R,216
R,217
R,218
R,219
R,220
R,221
R,222
R,223
R,224
R,225
R,226
R,227
R,228
R,229
R,230
R,231
R,232
R,233
R,234
R,235
R,236
R,237
R,238
R,239
R,240
R,241
R,242
R,243
R,244
R,245
R,246
R,247
R,248
R,249
R,250
R,251
R,252
R,253
R,254
R,255
R,256
R,257
R,258
R,259
R,260
R,261
R,262
R,263
R,264
R,265
R,266
R,267
R,268
R,269
R,270
R,271
R,272
R,273
R,274
R,275
R,276
R,277
R,278
R,279
R,280
R,281
R,282
R,283
R,284
R,285
R,286
R,287
R,288
R,289
R,290
R,291
R,292
R,293
R,294
R,295
R,296
R,297
R,298
R,299
R,300
R,301
R,302
R,303
R,304
R,305
R,306
R,307
R,308
R,309
R,310
R,311
R,312
R,313
R,314
R,315
R,316
R,317
R,318
R,319
R,320
R,321
R,322
R,323
R,324
R,325
R,326
R,327
R,328
R,329
R,330
R,331
R,332
R,333
R,334
R,335
R,336
R,337
R,338
R,339
R,340
R,341
R,342
R,343
R,344
R,345
R,346
R,347
R,348
R,349
R,350
R,351
R,352
R,353
R,354
R,355
R,356
R,357
R,358
R,359
R,360
R,361
R,362
R,363
R,364
R,365
R,366
R,367
R,368
R,369
R,370
R,371
R,372
R,373
R,374
R,375
R,376
R,377
R,378
R,379
R,380
R,381
R,382
R,383
R,384
R,385
R,386
R,387
R,388
R,389
R,390
R,391
R,392
R,393
R,394
R,395
R,396
R,397
R,398
R,399
R,400
R,401
R,402
R,403
R,404
R,405
R,406
R,407
R,408
R,409
R,410
R,411
R,412
R,413
R,414
R,415
R,416
R,417
R,418
R,419
R,420
R,421
R,422
R,423
R,424
R,425
R,426
R,427
R,428
R,429
R,430
R,431
R,432
R,433
R,434
R,435
R,436
R,437
R,438
R,439
R,440
R,441
R,442
R,443
R,444
R,445
R,446
R,447
R,448
R,449
R,450
R,451
R,452
R,453
R,454
R,455
R,456
R,457
R,458
R,459
R,460
R,461
R,462
R,463
R,464
R,465
R,466
R,467
R,468
R,469
R,470
R,471
R,492
R,493
R,494
R,495
R,496
R,497
R,498
R,499
S,828
S,829
S,830
S,831
S,832
S,833
S,834
S,835
S,836
S,837
W,1
W,2
W,3
W,4
W,5
W,6
W,7
W,8
W,9
W,10
W,11
W,12
W,13
W,14
W,15
W,16
W,17
W,18
W,19
W,20
W,21
W,22
W,23
W,24
W,25
X,36
X,37
X,38
X,39
X,40
X,41
X,42
X,43
X,44
X,45
X,46
X,47
X,48
X,49
X,50
X,51
X,52
X,53
X,54
X,55
X,56
X,57
X,58
X,59
X,60
X,61
X,62
X,63
X,64
X,65
X,66
X,67
X,68
X,69
X,70
X,71
X,72
X,73
X,74
X,75
X,76
X,77
X,78
X,79
X,80
X,81
X,82
X,83
X,84
X,85
X,86
X,87
X,88
X,89
X,90
X,91
X,92
X,93
X,94
X,95
X,96
X,97
X,98
X,99
X,100
X,101
X,102
X,103
X,104
X,105
X,106
X,107
X,108
X,109
X,110
X,132
X,133
X,134
X,135
X,136
X,137
X,138
X,139
X,140
X,141
X,142
X,143
X,144
X,145
X,146
X,147
X,148
X,149
X,150
X,151
X,152
X,153
X,154
X,155
X,156
X,157
X,158
X,159
X,160
X,161
X,162
X,163
X,164
X,165
X,166
X,167
X,168
X,169
X,170
X,171
X,172
X,173
X,174
X,175
X,176
X,177
X,178
X,179
X,180
X,181
X,182
X,183
X,184
X,185
X,186
X,187
X,188
X,189
X,190
X,191
X,192
X,193
X,194
X,195
X,196
X,197
X,198
X,199
X,200
X,201
X,202
X,203
X,204
X,205
X,206
X,207
X,208
X,209
X,210
X,211
X,212
X,213
X,214
X,215
X,216
X,217
X,218
X,219
X,220
X,221
X,222
X,223
X,224
X,225
X,226
X,227
X,228
X,229
X,230
X,231
X,232
X,233
X,234
X,235
X,236
X,237
X,238
X,239
X,240
X,241
X,242
X,243
X,244
X,245
X,246
X,247
X,248
X,249
X,250
X,251
X,252
X,253
X,254
X,255
X,256
X,257
X,258
X,259
X,260
X,261
X,262
X,263
X,264
X,265
X,266
X,267
X,268
X,269
X,270
X,271
X,272
X,273
X,274
X,275
X,276
X,277
X,278
X,279
X,280
X,281
X,282
X,283
X,284
X,285
X,286
X,287
X,288
X,289
X,290
X,291
X,292
X,293
X,294
X,295
X,296
X,297
X,298
X,299
X,300
X,301
X,302
X,303
X,304
X,305
X,306
X,307
X,308
X,309
X,310
X,311
X,312
X,313
X,314
X,315
X,316
X,317
X,318
X,319
X,320
X,321
X,322
X,323
X,324
X,325
X,326
X,327
X,328
X,329
X,330
X,331
X,332
X,333
X,334
X,335
X,336
X,337
X,338
X,339
X,340
X,341
X,342
X,343
X,344
X,345
X,346
X,347
X,348
X,349
X,350
X,351
X,352
X,353
X,354
X,355
X,356
X,357
X,358
X,359
X,360
X,361
X,362
X,363
X,364
X,365
X,366
X,367
X,368
X,369
X,370
X,371
X,372
X,373
X,374
X,375
X,376
X,377
X,378
X,379
X,380
X,381
X,382
X,383
X,384
X,385
X,386
X,387
X,388
X,389
X,390
X,391
X,392
X,393
X,394
X,395
X,396
X,397
X,398
X,399
X,400
X,401
X,402
X,403
X,404
X,405
X,406
X,407
X,408
X,409
X,410
X,411
X,412
X,413
X,414
X,415
X,416
X,417
X,418
X,419
X,420
X,421
X,422
X,423
X,424
X,425
X,426
X,427
X,428
X,429
X,430
X,431
X,432
X,433
X,434
X,435
X,436
X,437
X,438
X,439
X,440
X,441
X,442
X,443
X,444
X,445
X,446
X,447
X,448
X,449
X,450
X,451
X,452
Y,36
Y,37
Y,38
Y,39
Y,40
Y,41
Y,42
Y,43
Y,44
Y,45
Y,46
Y,47
Y,48
Y,49
Y,50
Y,51
Y,52
Y,53
Y,54
Y,55
Y,56
Y,57
Y,58
Y,59
Y,60
Y,61
Y,62
Y,63
Y,64
Y,65
Y,66
Y,67
Y,68
Y,69
Y,70
Y,71
Y,72
Y,73
Y,74
Y,75
Y,76
Y,77
Y,78
Y,79
Y,80
Y,81
Y,82
Y,83
Y,84
Y,85
Y,86
Y,87
Y,88
Y,89
Y,90
Y,91
Y,92
Y,93
Y,94
Y,95
Y,96
Y,97
Y,98
Y,99
Y,100
Y,101
Y,102
Y,103
Y,104
Y,105
Y,106
Y,107
Y,108
Y,109
Y,110
Y,132
Y,133
Y,134
Y,135
Y,136
Y,137
Y,138
Y,139
Y,140
Y,141
Y,142
Y,143
Y,144
Y,145
Y,146
Y,147
Y,148
Y,149
Y,150
Y,151
Y,152
Y,153
Y,154
Y,155
Y,156
Y,157
Y,158
Y,159
Y,160
Y,161
Y,162
Y,163
Y,164
Y,165
Y,166
Y,167
Y,168
Y,169
Y,170
Y,171
Y,172
Y,173
Y,174
Y,175
Y,176
Y,177
Y,178
Y,179
Y,180
Y,181
Y,182
Y,183
Y,184
Y,185
Y,186
Y,187
Y,188
Y,189
Y,190
Y,191
Y,192
Y,193
Y,194
Y,195
Y,196
Y,197
Y,198
Y,199
Y,200
Y,201
Y,202
Y,203
Y,204
Y,205
Y,206
Y,207
Y,208
Y,209
Y,210
Y,211
Y,212
Y,213
Y,214
Y,215
Y,216
Y,217
Y,218
Y,219
Y,220
Y,221
Y,222
Y,223
Y,224
Y,225
Y,226
Y,227
Y,228
Y,229
Y,230
Y,231
Y,232
Y,233
Y,234
Y,235
Y,236
Y,237
Y,238
Y,239
Y,240
Y,241
Y,242
Y,243
Y,244
Y,245
Y,246
Y,247
Y,248
Y,249
Y,250
Y,251
Y,252
Y,253
Y,254
Y,255
Y,256
Y,257
Y,258
Y,259
Y,260
Y,261
Y,262
Y,263
Y,264
Y,265
Y,266
Y,267
Y,268
Y,269
Y,270
Y,271
Y,272
Y,273
Y,274
Y,275
Y,276
Y,277
Y,278
Y,279
Y,280
Y,281
Y,282
Y,283
Y,284
Y,285
Y,286
Y,287
Y,288
Y,289
Y,290
Y,291
Y,292
Y,293
Y,294
Y,295
Y,296
Y,297
Y,298
Y,299
Y,300
Y,301
Y,302
Y,303
Y,304
Y,305
Y,306
Y,307
Y,308
Y,309
Y,310
Y,311
Y,312
Y,313
Y,314
Y,315
Y,316
Y,317
Y,318
Y,319
Y,320
Y,321
Y,322
Y,323
Y,324
Y,325
Y,326
Y,327
Y,328
Y,329
Y,330
Y,331
Y,332
Y,333
Y,334
Y,335
Y,336
Y,337
Y,338
Y,339
Y,340
Y,341
Y,342
Y,343
Y,344
Y,345
Y,346
Y,347
Y,348
Y,349
Y,350
Y,351
Y,352
Y,353
Y,354
Y,355
Y,356
Y,357
Y,358
Y,359
Y,360
Y,361
Y,362
Y,363
Y,364
Y,365
Y,366
Y,367
Y,368
Y,369
Y,370
Y,371
Y,372
Y,373
Y,374
Y,375
Y,376
Y,377
Y,378
Y,379
Y,380
Y,381
Y,382
Y,383
Y,384
Y,385
Y,386
Y,387
Y,388
Y,389
Y,390
Y,391
Y,392
Y,393
Y,394
Y,395
Y,396
Y,397
Y,398
Y,399
Y,400
Y,401
Y,402
Y,403
Y,404
Y,405
Y,406
Y,407
Y,408
Y,409
Y,410
Y,411
Y,412
Y,413
Y,414
Y,415
Y,416
Y,417
Y,418
Y,419
Y,420
Y,421
Y,422
Y,423
Y,424
Y,425
Y,426
Y,427
Y,428
Y,429
Y,430
Y,431
Y,432
Y,433
Y,434
Y,435
Y,436
Y,437
Y,438
Y,439
Y,440
Y,441
Y,442
Y,443
Y,444
Y,445
Y,446
Y,447
Y,448
Y,449
Y,450
Y,451
Y,452
Y,453
Y,454
Y,455
Y,456
Y,457
Y,458
Y,459
Y,460
Y,461
Y,462
Y,463
Y,464
Y,465
Y,466
Y,467
Y,468
Y,469
Y,470
Y,471
